rank,band,cn,en,kind,meshy_prompt,texture_prompt
"2","law","安那刻（必然）","Ananke","abstract","Abstract collectible sculpture of Ananke, a colossal faceless goddess veiled in thousands of taut silver threads, the threads running out from her hands to bind a small turning world-axis, a serpent coiled around her lap, seated and utterly still, one hand turning the spindle, with spindle, world-axis, threads of fate, silver-grey stone with fine silver thread inlay, a low hexagonal plinth of black stone engraved with a star chart, museum-quality sculpture, clean readable silhouette, thick sturdy details, single connected object, no floating particles, no background","Silver-grey stone with fine silver thread inlay, palette silver-blue #AEBAC9 on ink black #0E1015, bone-white #ECE6D9 hairlines, hand-painted museum statue finish with a subtle dark wash in the crevices and gentle wear on the edges, crisp painted detail on spindle, world-axis, threads of fate, no baked lighting or shadows, no text, no logos"
"3","law","混沌","Chaos","abstract","Abstract collectible sculpture of Chaos, a swirling primordial vortex of unformed matter, half nebula half rough rock, a cracked cosmic egg at its heart, fragments at the rim hardening into ordered crystals, spiralling outward from the core, with cracked cosmic egg, raw crystals, dark obsidian and iridescent nebula glass, a low hexagonal plinth of black stone engraved with a star chart, museum-quality sculpture, clean readable silhouette, thick sturdy details, single connected object, no floating particles, no background","Dark obsidian and iridescent nebula glass, palette silver-blue #AEBAC9 on ink black #0E1015, bone-white #ECE6D9 hairlines, hand-painted museum statue finish with a subtle dark wash in the crevices and gentle wear on the edges, crisp painted detail on cracked cosmic egg, raw crystals, no baked lighting or shadows, no text, no logos"
"5","law","命運三女神","Moirai (The Fates)","group","Collectible statue group of Moirai, three robed women of three ages joined by one continuous golden thread: Clotho the young spinner, Lachesis the matron measuring, Atropos the old woman with open shears, standing in a tight triangle, the thread passing hand to hand, with spindle, measuring rod, shears, golden thread, weathered marble with a gilded thread, a low hexagonal plinth of black stone engraved with a star chart, museum-quality sculpture, clean readable silhouette, thick sturdy details, single connected object, no floating particles, no background","Weathered marble with a gilded thread, palette silver-blue #AEBAC9 on ink black #0E1015, bone-white #ECE6D9 hairlines, hand-painted museum statue finish with a subtle dark wash in the crevices and gentle wear on the edges, crisp painted detail on spindle, measuring rod, shears, golden thread, no baked lighting or shadows, no text, no logos"
"1","law","克羅諾斯（時間神）","Chronos (Time)","abstract","Abstract collectible sculpture of Chronos, a towering spiral column of flowing sand held in stacked bronze rings, an ouroboros serpent coiling up around it, zodiac bands engraved on every ring, no face anywhere, spiralling upward while sand pours down the coils, with hourglass core, ouroboros serpent, zodiac rings, aged bronze rings with translucent amber sand, a low hexagonal plinth of black stone engraved with a star chart, museum-quality sculpture, clean readable silhouette, thick sturdy details, single connected object, no floating particles, no background","Aged bronze rings with translucent amber sand, palette silver-blue #AEBAC9 on ink black #0E1015, bone-white #ECE6D9 hairlines, hand-painted museum statue finish with a subtle dark wash in the crevices and gentle wear on the edges, crisp painted detail on hourglass core, ouroboros serpent, zodiac rings, no baked lighting or shadows, no text, no logos"
"10","law","蓋婭（大地）","Gaia","figure","Collectible statue of Gaia, a monumental earth mother rising from the ground, her lower body merging into mountains and roots, hair of vines and wheat, a serene broad face, half-emerged from the earth, arms open, with adamantine sickle, wheat sheaves, tiny mountains, warm terracotta and moss-green stone, a low hexagonal plinth of black stone engraved with a star chart, museum-quality sculpture, clean readable silhouette, thick sturdy details, single connected object, no floating particles, no background","Warm terracotta and moss-green stone, palette silver-blue #AEBAC9 on ink black #0E1015, bone-white #ECE6D9 hairlines, hand-painted museum statue finish with a subtle dark wash in the crevices and gentle wear on the edges, crisp painted detail on adamantine sickle, wheat sheaves, tiny mountains, no baked lighting or shadows, no text, no logos"
"8","law","尼克斯（夜）","Nyx","figure","Collectible statue of Nyx, a vast goddess of night with great black wings, a star-filled veil and a crescent diadem, her robes full of stars, standing with wings unfurled and the veil billowing overhead, with star-studded veil, crescent diadem, midnight-blue enamel with silver star inlay, a low hexagonal plinth of black stone engraved with a star chart, museum-quality sculpture, clean readable silhouette, thick sturdy details, single connected object, no floating particles, no background","Midnight-blue enamel with silver star inlay, palette silver-blue #AEBAC9 on ink black #0E1015, bone-white #ECE6D9 hairlines, hand-painted museum statue finish with a subtle dark wash in the crevices and gentle wear on the edges, crisp painted detail on star-studded veil, crescent diadem, no baked lighting or shadows, no text, no logos"
"254","law","塔耳塔羅斯","Tartarus","abstract","Abstract collectible sculpture of Tartarus, a bottomless funnel-shaped abyss built as an inverted tower, bronze gates and heavy chains ringing its rim, titanic hands reaching up from the dark below, a spiral funnel descending into darkness, with bronze gates, heavy chains, black iron and oxidised bronze, a low hexagonal plinth of black stone engraved with a star chart, museum-quality sculpture, clean readable silhouette, thick sturdy details, single connected object, no floating particles, no background","Black iron and oxidised bronze, palette silver-blue #AEBAC9 on ink black #0E1015, bone-white #ECE6D9 hairlines, hand-painted museum statue finish with a subtle dark wash in the crevices and gentle wear on the edges, crisp painted detail on bronze gates, heavy chains, no baked lighting or shadows, no text, no logos"
"9","law","烏拉諾斯（天空）","Uranus","abstract","Abstract collectible sculpture of Uranus, a colossal bearded sky god whose arched body forms the dome of heaven, constellations mapped across his skin, the earth held beneath the arch, arched over a small earth like a vault, with celestial dome, constellations, lapis-blue stone with gold constellation lines, a low hexagonal plinth of black stone engraved with a star chart, museum-quality sculpture, clean readable silhouette, thick sturdy details, single connected object, no floating particles, no background","Lapis-blue stone with gold constellation lines, palette silver-blue #AEBAC9 on ink black #0E1015, bone-white #ECE6D9 hairlines, hand-painted museum statue finish with a subtle dark wash in the crevices and gentle wear on the edges, crisp painted detail on celestial dome, constellations, no baked lighting or shadows, no text, no logos"
"4","law","厄瑞玻斯（黑暗）","Erebus","abstract","Abstract collectible sculpture of Erebus, a tall hooded figure made of layered darkness, a deep corridor-shaped void where the face should be, the cloak folding away into smoke, standing inside a doorway frame, lantern lowered, with unlit lantern, stone doorway frame, matte black basalt with faint silver edges, a low hexagonal plinth of black stone engraved with a star chart, museum-quality sculpture, clean readable silhouette, thick sturdy details, single connected object, no floating particles, no background","Matte black basalt with faint silver edges, palette silver-blue #AEBAC9 on ink black #0E1015, bone-white #ECE6D9 hairlines, hand-painted museum statue finish with a subtle dark wash in the crevices and gentle wear on the edges, crisp painted detail on unlit lantern, stone doorway frame, no baked lighting or shadows, no text, no logos"
"255","law","蓬托斯","Pontus","abstract","Abstract collectible sculpture of Pontus, a primordial sea god formed entirely from one standing wave, a vast bearded face only half visible inside the water, shells and fish caught in the curl, a single wave rising and curling over, with shells, fish, sea foam, deep green translucent glass with white foam, a low hexagonal plinth of black stone engraved with a star chart, museum-quality sculpture, clean readable silhouette, thick sturdy details, single connected object, no floating particles, no background","Deep green translucent glass with white foam, palette silver-blue #AEBAC9 on ink black #0E1015, bone-white #ECE6D9 hairlines, hand-painted museum statue finish with a subtle dark wash in the crevices and gentle wear on the edges, crisp painted detail on shells, fish, sea foam, no baked lighting or shadows, no text, no logos"
"7","sovereign","宙斯","Zeus","figure","Collectible statue of Zeus, a powerful bearded king with long curling hair and a bare chest under a draped himation, an eagle on his shoulder, standing with one arm raised to hurl a thunderbolt, with thunderbolt, sceptre, eagle, white marble with a gold-leaf thunderbolt, a low hexagonal marble plinth with a Greek key border, museum-quality sculpture, clean readable silhouette, thick sturdy details, single connected object, no floating particles, no background","White marble with a gold-leaf thunderbolt, palette violet #9B86D9 aura, warm white marble, restrained gold leaf, hand-painted museum statue finish with a subtle dark wash in the crevices and gentle wear on the edges, crisp painted detail on thunderbolt, sceptre, eagle, no baked lighting or shadows, no text, no logos"
"6","sovereign","哈得斯","Hades","figure","Collectible statue of Hades, a stern bearded king in heavy dark robes and an iron crown, the helm of darkness resting beside him, three-headed Cerberus crouched at his feet, enthroned on a basalt throne, with bident, key of the underworld, helm of darkness, dark basalt and blackened bronze with gold, a low hexagonal marble plinth with a Greek key border, museum-quality sculpture, clean readable silhouette, thick sturdy details, single connected object, no floating particles, no background","Dark basalt and blackened bronze with gold, palette violet #9B86D9 aura, warm white marble, restrained gold leaf, hand-painted museum statue finish with a subtle dark wash in the crevices and gentle wear on the edges, crisp painted detail on bident, key of the underworld, helm of darkness, no baked lighting or shadows, no text, no logos"
"11","sovereign","波塞冬","Poseidon","figure","Collectible statue of Poseidon, a muscular bearded sea king with wild wet hair and a coral crown, scales and seaweed on his robe, a dolphin at his feet, striding forward, trident struck into a rock, with trident, dolphin, sea-green patinated bronze, a low hexagonal marble plinth with a Greek key border, museum-quality sculpture, clean readable silhouette, thick sturdy details, single connected object, no floating particles, no background","Sea-green patinated bronze, palette violet #9B86D9 aura, warm white marble, restrained gold leaf, hand-painted museum statue finish with a subtle dark wash in the crevices and gentle wear on the edges, crisp painted detail on trident, dolphin, no baked lighting or shadows, no text, no logos"
"17","sovereign","雅典娜","Athena","figure","Collectible statue of Athena, a tall armoured goddess in a crested Corinthian helmet, the gorgon-faced aegis on her breastplate, an owl on her shoulder, standing guard, spear upright, with spear, round shield, owl, olive branch, marble with bronze armour, a low hexagonal marble plinth with a Greek key border, museum-quality sculpture, clean readable silhouette, thick sturdy details, single connected object, no floating particles, no background","Marble with bronze armour, palette violet #9B86D9 aura, warm white marble, restrained gold leaf, hand-painted museum statue finish with a subtle dark wash in the crevices and gentle wear on the edges, crisp painted detail on spear, round shield, owl, olive branch, no baked lighting or shadows, no text, no logos"
"16","sovereign","阿波羅","Apollo","figure","Collectible statue of Apollo, a beautiful beardless young god with long curls and a laurel wreath, a cloak draped over one shoulder, standing in contrapposto, playing the lyre, with lyre, silver bow, laurel, white marble with gold leaf, a low hexagonal marble plinth with a Greek key border, museum-quality sculpture, clean readable silhouette, thick sturdy details, single connected object, no floating particles, no background","White marble with gold leaf, palette violet #9B86D9 aura, warm white marble, restrained gold leaf, hand-painted museum statue finish with a subtle dark wash in the crevices and gentle wear on the edges, crisp painted detail on lyre, silver bow, laurel, no baked lighting or shadows, no text, no logos"
"12","sovereign","赫利俄斯","Helios","figure","Collectible statue of Helios, a radiant young god wearing a spiked sun crown and a golden cloak, driving four horses, standing in a chariot with the reins taut, with sun crown, reins, chariot, polished gold and warm marble, a low hexagonal marble plinth with a Greek key border, museum-quality sculpture, clean readable silhouette, thick sturdy details, single connected object, no floating particles, no background","Polished gold and warm marble, palette violet #9B86D9 aura, warm white marble, restrained gold leaf, hand-painted museum statue finish with a subtle dark wash in the crevices and gentle wear on the edges, crisp painted detail on sun crown, reins, chariot, no baked lighting or shadows, no text, no logos"
"13","sovereign","珀耳塞福涅","Persephone","figure","Collectible statue of Persephone, a young queen in a flowing peplos, one half of her dress blooming with spring flowers and the other half withered, stepping through a gate, one foot on each side, with pomegranate, torch, sheaf of wheat, marble with pomegranate-red and gold accents, a low hexagonal marble plinth with a Greek key border, museum-quality sculpture, clean readable silhouette, thick sturdy details, single connected object, no floating particles, no background","Marble with pomegranate-red and gold accents, palette violet #9B86D9 aura, warm white marble, restrained gold leaf, hand-painted museum statue finish with a subtle dark wash in the crevices and gentle wear on the edges, crisp painted detail on pomegranate, torch, sheaf of wheat, no baked lighting or shadows, no text, no logos"
"15","sovereign","赫耳墨斯","Hermes","figure","Collectible statue of Hermes, a lithe youthful messenger god with winged sandals, a winged petasos hat and a short travelling cloak, mid-leap, one foot barely touching the base, with caduceus staff with two serpents, purse, bronze with gilded wings, a low hexagonal marble plinth with a Greek key border, museum-quality sculpture, clean readable silhouette, thick sturdy details, single connected object, no floating particles, no background","Bronze with gilded wings, palette violet #9B86D9 aura, warm white marble, restrained gold leaf, hand-painted museum statue finish with a subtle dark wash in the crevices and gentle wear on the edges, crisp painted detail on caduceus staff with two serpents, purse, no baked lighting or shadows, no text, no logos"
"14","sovereign","赫卡忒","Hecate","figure","Collectible statue of Hecate, a triple goddess: three women standing back to back, each face looking a different way, a black hound at her feet, three bodies back to back at a crossroads, with two torches, key, dagger, dark marble with bronze torches, a low hexagonal marble plinth with a Greek key border, museum-quality sculpture, clean readable silhouette, thick sturdy details, single connected object, no floating particles, no background","Dark marble with bronze torches, palette violet #9B86D9 aura, warm white marble, restrained gold leaf, hand-painted museum statue finish with a subtle dark wash in the crevices and gentle wear on the edges, crisp painted detail on two torches, key, dagger, no baked lighting or shadows, no text, no logos"
"20","sovereign","赫拉","Hera","figure","Collectible statue of Hera, a regal queen wearing a tall polos crown and veil, a peacock with fanned tail beside her, enthroned, upright and severe, with sceptre topped with a cuckoo, pomegranate, marble and gold with peacock-blue accents, a low hexagonal marble plinth with a Greek key border, museum-quality sculpture, clean readable silhouette, thick sturdy details, single connected object, no floating particles, no background","Marble and gold with peacock-blue accents, palette violet #9B86D9 aura, warm white marble, restrained gold leaf, hand-painted museum statue finish with a subtle dark wash in the crevices and gentle wear on the edges, crisp painted detail on sceptre topped with a cuckoo, pomegranate, no baked lighting or shadows, no text, no logos"
"18","sovereign","得墨忒耳","Demeter","figure","Collectible statue of Demeter, a mature mother goddess in heavy robes and a veil, crowned with ears of wheat, standing and cradling wheat in her arms, with sheaves of wheat, torch, basket of fruit, warm marble with golden wheat, a low hexagonal marble plinth with a Greek key border, museum-quality sculpture, clean readable silhouette, thick sturdy details, single connected object, no floating particles, no background","Warm marble with golden wheat, palette violet #9B86D9 aura, warm white marble, restrained gold leaf, hand-painted museum statue finish with a subtle dark wash in the crevices and gentle wear on the edges, crisp painted detail on sheaves of wheat, torch, basket of fruit, no baked lighting or shadows, no text, no logos"
"23","sovereign","阿耳忒彌斯","Artemis","figure","Collectible statue of Artemis, a lean huntress in a short chiton with her hair tied back, a crescent moon on her brow, a deer at her side, drawing an arrow from her quiver, with silver bow, quiver of arrows, crescent, silver-white marble with a silver bow, a low hexagonal marble plinth with a Greek key border, museum-quality sculpture, clean readable silhouette, thick sturdy details, single connected object, no floating particles, no background","Silver-white marble with a silver bow, palette violet #9B86D9 aura, warm white marble, restrained gold leaf, hand-painted museum statue finish with a subtle dark wash in the crevices and gentle wear on the edges, crisp painted detail on silver bow, quiver of arrows, crescent, no baked lighting or shadows, no text, no logos"
"25","sovereign","阿瑞斯","Ares","figure","Collectible statue of Ares, a fierce scarred warrior god in a crested helmet and bronze cuirass, a vulture on his shoulder, mid-charge with the shield raised, with spear, round shield, short sword, battle-worn bronze with a red crest, a low hexagonal marble plinth with a Greek key border, museum-quality sculpture, clean readable silhouette, thick sturdy details, single connected object, no floating particles, no background","Battle-worn bronze with a red crest, palette violet #9B86D9 aura, warm white marble, restrained gold leaf, hand-painted museum statue finish with a subtle dark wash in the crevices and gentle wear on the edges, crisp painted detail on spear, round shield, short sword, no baked lighting or shadows, no text, no logos"
"19","sovereign","狄俄倪索斯","Dionysus","figure","Collectible statue of Dionysus, a youthful god with long hair crowned with ivy and grapes, a leopard skin over one shoulder, a panther at his side, leaning languidly, raising the wine cup, with thyrsus tipped with a pinecone, kantharos wine cup, grapes, marble with purple grape and ivy details, a low hexagonal marble plinth with a Greek key border, museum-quality sculpture, clean readable silhouette, thick sturdy details, single connected object, no floating particles, no background","Marble with purple grape and ivy details, palette violet #9B86D9 aura, warm white marble, restrained gold leaf, hand-painted museum statue finish with a subtle dark wash in the crevices and gentle wear on the edges, crisp painted detail on thyrsus tipped with a pinecone, kantharos wine cup, grapes, no baked lighting or shadows, no text, no logos"
"22","sovereign","赫淮斯托斯","Hephaestus","figure","Collectible statue of Hephaestus, a burly bearded smith god in a leather apron, one leg braced by a golden mechanical support, forearms like tree roots, hammering glowing metal on an anvil, with hammer, tongs, anvil, small golden automaton, soot-darkened bronze with glowing orange metal, a low hexagonal marble plinth with a Greek key border, museum-quality sculpture, clean readable silhouette, thick sturdy details, single connected object, no floating particles, no background","Soot-darkened bronze with glowing orange metal, palette violet #9B86D9 aura, warm white marble, restrained gold leaf, hand-painted museum statue finish with a subtle dark wash in the crevices and gentle wear on the edges, crisp painted detail on hammer, tongs, anvil, small golden automaton, no baked lighting or shadows, no text, no logos"
"24","sovereign","阿芙蘿黛蒂","Aphrodite","figure","Collectible statue of Aphrodite, a graceful goddess with long flowing hair and a jewelled girdle, doves circling her, rising from an open scallop shell, with scallop shell, golden apple, doves, rose-tinted marble with gold, a low hexagonal marble plinth with a Greek key border, museum-quality sculpture, clean readable silhouette, thick sturdy details, single connected object, no floating particles, no background","Rose-tinted marble with gold, palette violet #9B86D9 aura, warm white marble, restrained gold leaf, hand-painted museum statue finish with a subtle dark wash in the crevices and gentle wear on the edges, crisp painted detail on scallop shell, golden apple, doves, no baked lighting or shadows, no text, no logos"
"154","sovereign","忒彌斯","Themis","figure","Collectible statue of Themis, a blindfolded goddess of divine law in stately robes, standing with the scales held perfectly level, with balance scales, sword, law tablets, marble with bronze scales, a low hexagonal marble plinth with a Greek key border, museum-quality sculpture, clean readable silhouette, thick sturdy details, single connected object, no floating particles, no background","Marble with bronze scales, palette violet #9B86D9 aura, warm white marble, restrained gold leaf, hand-painted museum statue finish with a subtle dark wash in the crevices and gentle wear on the edges, crisp painted detail on balance scales, sword, law tablets, no baked lighting or shadows, no text, no logos"
"256","sovereign","斯堤克斯","Styx","figure","Collectible statue of Styx, a solemn goddess rising from a dark river that circles her like a ring, water pouring from her open hands, rising from a ring of dark water, with golden ewer, oath stone, black obsidian with silver water, a low hexagonal marble plinth with a Greek key border, museum-quality sculpture, clean readable silhouette, thick sturdy details, single connected object, no floating particles, no background","Black obsidian with silver water, palette violet #9B86D9 aura, warm white marble, restrained gold leaf, hand-painted museum statue finish with a subtle dark wash in the crevices and gentle wear on the edges, crisp painted detail on golden ewer, oath stone, no baked lighting or shadows, no text, no logos"
"21","sovereign","赫斯提亞","Hestia","figure","Collectible statue of Hestia, a modest veiled goddess in plain robes seated beside a round hearth with a living flame, seated, hands warming over the flame, with hearth fire, bronze kettle, sandstone with a glowing ember hearth, a low hexagonal marble plinth with a Greek key border, museum-quality sculpture, clean readable silhouette, thick sturdy details, single connected object, no floating particles, no background","Sandstone with a glowing ember hearth, palette violet #9B86D9 aura, warm white marble, restrained gold leaf, hand-painted museum statue finish with a subtle dark wash in the crevices and gentle wear on the edges, crisp painted detail on hearth fire, bronze kettle, no baked lighting or shadows, no text, no logos"
"149","sovereign","厄洛斯（原初愛）","Eros (primordial)","abstract","Abstract collectible sculpture of Eros, a primordial winged being of golden light hatching from a cosmic egg, genderless and serene, wings made of spiralling particles, emerging from the egg with arms opening, with halves of a cosmic eggshell, golden alabaster glowing from within, a low hexagonal marble plinth with a Greek key border, museum-quality sculpture, clean readable silhouette, thick sturdy details, single connected object, no floating particles, no background","Golden alabaster glowing from within, palette violet #9B86D9 aura, warm white marble, restrained gold leaf, hand-painted museum statue finish with a subtle dark wash in the crevices and gentle wear on the edges, crisp painted detail on halves of a cosmic eggshell, no baked lighting or shadows, no text, no logos"
"156","sovereign","涅墨西斯","Nemesis","figure","Collectible statue of Nemesis, a stern winged goddess, calm and unforgiving, a wheel at her feet, pointing downward in judgment, with measuring rod, bridle, sword, grey marble and bronze, a low hexagonal marble plinth with a Greek key border, museum-quality sculpture, clean readable silhouette, thick sturdy details, single connected object, no floating particles, no background","Grey marble and bronze, palette violet #9B86D9 aura, warm white marble, restrained gold leaf, hand-painted museum statue finish with a subtle dark wash in the crevices and gentle wear on the edges, crisp painted detail on measuring rod, bridle, sword, no baked lighting or shadows, no text, no logos"
"152","sovereign","墨涅莫辛涅","Mnemosyne","figure","Collectible statue of Mnemosyne, a thoughtful titaness heavily draped, one finger touching her temple, a small spring welling at her feet, seated in deep contemplation, with stylus and wax tablet, spring of memory, pale marble with lapis water, a low hexagonal marble plinth with a Greek key border, museum-quality sculpture, clean readable silhouette, thick sturdy details, single connected object, no floating particles, no background","Pale marble with lapis water, palette violet #9B86D9 aura, warm white marble, restrained gold leaf, hand-painted museum statue finish with a subtle dark wash in the crevices and gentle wear on the edges, crisp painted detail on stylus and wax tablet, spring of memory, no baked lighting or shadows, no text, no logos"
"151","sovereign","塞勒涅","Selene","figure","Collectible statue of Selene, a moon goddess with a crescent crown and a billowing silver veil arching overhead, riding across the night sky, veil arcing over her head, with crescent crown, torch, veil, silver and moonstone, a low hexagonal marble plinth with a Greek key border, museum-quality sculpture, clean readable silhouette, thick sturdy details, single connected object, no floating particles, no background","Silver and moonstone, palette violet #9B86D9 aura, warm white marble, restrained gold leaf, hand-painted museum statue finish with a subtle dark wash in the crevices and gentle wear on the edges, crisp painted detail on crescent crown, torch, veil, no baked lighting or shadows, no text, no logos"
"159","sovereign","狄刻","Dike","figure","Collectible statue of Dike, a young goddess of justice with a single tear on her cheek, raising the scales toward heaven, with sword, scales, laurel, white marble, a low hexagonal marble plinth with a Greek key border, museum-quality sculpture, clean readable silhouette, thick sturdy details, single connected object, no floating particles, no background","White marble, palette violet #9B86D9 aura, warm white marble, restrained gold leaf, hand-painted museum statue finish with a subtle dark wash in the crevices and gentle wear on the edges, crisp painted detail on sword, scales, laurel, no baked lighting or shadows, no text, no logos"
"148","sovereign","克裡俄斯","Crius","figure","Collectible statue of Crius, a massive titan with curling ram's horns and a starry cloak, one shoulder bearing a pillar studded with stars, bracing the star pillar like a column, with star pillar, southern star, dark granite with star inlay, a low hexagonal marble plinth with a Greek key border, museum-quality sculpture, clean readable silhouette, thick sturdy details, single connected object, no floating particles, no background","Dark granite with star inlay, palette violet #9B86D9 aura, warm white marble, restrained gold leaf, hand-painted museum statue finish with a subtle dark wash in the crevices and gentle wear on the edges, crisp painted detail on star pillar, southern star, no baked lighting or shadows, no text, no logos"
"153","sovereign","安菲特里忒","Amphitrite","figure","Collectible statue of Amphitrite, a sea queen with a crown of crab claws and pearls, seaweed woven through her hair, riding on the back of a dolphin, with trident, net of pearls, dolphin, mother-of-pearl and teal bronze, a low hexagonal marble plinth with a Greek key border, museum-quality sculpture, clean readable silhouette, thick sturdy details, single connected object, no floating particles, no background","Mother-of-pearl and teal bronze, palette violet #9B86D9 aura, warm white marble, restrained gold leaf, hand-painted museum statue finish with a subtle dark wash in the crevices and gentle wear on the edges, crisp painted detail on trident, net of pearls, dolphin, no baked lighting or shadows, no text, no logos"
"160","sovereign","福柏","Phoebe","figure","Collectible statue of Phoebe, a titaness wearing a diadem of sun and crescent, prophetic and bright-eyed, standing beside a tall tripod, with Delphic tripod, laurel, silver-white marble, a low hexagonal marble plinth with a Greek key border, museum-quality sculpture, clean readable silhouette, thick sturdy details, single connected object, no floating particles, no background","Silver-white marble, palette violet #9B86D9 aura, warm white marble, restrained gold leaf, hand-painted museum statue finish with a subtle dark wash in the crevices and gentle wear on the edges, crisp painted detail on Delphic tripod, laurel, no baked lighting or shadows, no text, no logos"
"143","sovereign","九繆斯（合）","Nine Muses","group","Collectible statue group of Nine Muses, nine graceful women in flowing chitons standing in a semicircle, each holding her own attribute, arranged in a semicircle as one group, with scroll, lyre, comic and tragic masks, celestial globe, double flute, writing tablet, white marble with gold details, a low hexagonal marble plinth with a Greek key border, museum-quality sculpture, clean readable silhouette, thick sturdy details, single connected object, no floating particles, no background","White marble with gold details, palette violet #9B86D9 aura, warm white marble, restrained gold leaf, hand-painted museum statue finish with a subtle dark wash in the crevices and gentle wear on the edges, crisp painted detail on scroll, lyre, comic and tragic masks, celestial globe, double flute, writing tablet, no baked lighting or shadows, no text, no logos"
"158","sovereign","涅柔斯","Nereus","figure","Collectible statue of Nereus, a kindly old man of the sea with a long beard of seaweed and a coiled fish tail, seated on a rock at the tideline, with staff, shells, sea-worn stone with green patina, a low hexagonal marble plinth with a Greek key border, museum-quality sculpture, clean readable silhouette, thick sturdy details, single connected object, no floating particles, no background","Sea-worn stone with green patina, palette violet #9B86D9 aura, warm white marble, restrained gold leaf, hand-painted museum statue finish with a subtle dark wash in the crevices and gentle wear on the edges, crisp painted detail on staff, shells, no baked lighting or shadows, no text, no logos"
"165","sovereign","阿斯特瑞亞","Astraea","figure","Collectible statue of Astraea, a starry maiden with wings of starlight and stars in her hair, ascending with arms raised to the sky, with scales, ear of wheat, star, silver and sapphire, a low hexagonal marble plinth with a Greek key border, museum-quality sculpture, clean readable silhouette, thick sturdy details, single connected object, no floating particles, no background","Silver and sapphire, palette violet #9B86D9 aura, warm white marble, restrained gold leaf, hand-painted museum statue finish with a subtle dark wash in the crevices and gentle wear on the edges, crisp painted detail on scales, ear of wheat, star, no baked lighting or shadows, no text, no logos"
"146","sovereign","倪姬","Nike","figure","Collectible statue of Nike, a winged goddess of victory, the wind pressing her drapery against her body, head held high, alighting on a ship's prow with wings spread wide, with laurel wreath, palm branch, white marble, a low hexagonal marble plinth with a Greek key border, museum-quality sculpture, clean readable silhouette, thick sturdy details, single connected object, no floating particles, no background","White marble, palette violet #9B86D9 aura, warm white marble, restrained gold leaf, hand-painted museum statue finish with a subtle dark wash in the crevices and gentle wear on the edges, crisp painted detail on laurel wreath, palm branch, no baked lighting or shadows, no text, no logos"
"150","sovereign","堤刻","Tyche","figure","Collectible statue of Tyche, a goddess wearing a mural crown shaped like city walls, her robes swirling as if on a turning wheel, balancing on a turning wheel, with wheel of fortune, ship's rudder, cornucopia, gilded marble, a low hexagonal marble plinth with a Greek key border, museum-quality sculpture, clean readable silhouette, thick sturdy details, single connected object, no floating particles, no background","Gilded marble, palette violet #9B86D9 aura, warm white marble, restrained gold leaf, hand-painted museum statue finish with a subtle dark wash in the crevices and gentle wear on the edges, crisp painted detail on wheel of fortune, ship's rudder, cornucopia, no baked lighting or shadows, no text, no logos"
"162","sovereign","許癸厄亞","Hygeia","figure","Collectible statue of Hygeia, a serene young goddess of health in a simple chiton, offering the bowl to a serpent coiled on her arm, with shallow bowl, serpent, white marble, a low hexagonal marble plinth with a Greek key border, museum-quality sculpture, clean readable silhouette, thick sturdy details, single connected object, no floating particles, no background","White marble, palette violet #9B86D9 aura, warm white marble, restrained gold leaf, hand-painted museum statue finish with a subtle dark wash in the crevices and gentle wear on the edges, crisp painted detail on shallow bowl, serpent, no baked lighting or shadows, no text, no logos"
"261","sovereign","卡里忒斯（美惠三女神）","Charites (Graces)","group","Collectible statue group of Charites, three graces embracing in a circle, arms resting on one another's shoulders, flowers in their hair, standing in a circular embrace, with myrtle, apples, roses, white marble, a low hexagonal marble plinth with a Greek key border, museum-quality sculpture, clean readable silhouette, thick sturdy details, single connected object, no floating particles, no background","White marble, palette violet #9B86D9 aura, warm white marble, restrained gold leaf, hand-painted museum statue finish with a subtle dark wash in the crevices and gentle wear on the edges, crisp painted detail on myrtle, apples, roses, no baked lighting or shadows, no text, no logos"
"144","sovereign","伊里斯","Iris","figure","Collectible statue of Iris, a winged messenger goddess with rainbow-tinted wings and a flowing dress, gliding down along a rainbow arc, with pitcher of Styx water, herald's staff, rainbow arc, pearl marble with iridescent wings, a low hexagonal marble plinth with a Greek key border, museum-quality sculpture, clean readable silhouette, thick sturdy details, single connected object, no floating particles, no background","Pearl marble with iridescent wings, palette violet #9B86D9 aura, warm white marble, restrained gold leaf, hand-painted museum statue finish with a subtle dark wash in the crevices and gentle wear on the edges, crisp painted detail on pitcher of Styx water, herald's staff, rainbow arc, no baked lighting or shadows, no text, no logos"
"147","sovereign","優諾米亞","Eunomia","figure","Collectible statue of Eunomia, a calm matronly goddess in orderly pleated robes, hair neatly bound, standing perfectly still, hands folded, with scroll of law, a small model of a walled city, marble with pale blue accents, a low hexagonal marble plinth with a Greek key border, museum-quality sculpture, clean readable silhouette, thick sturdy details, single connected object, no floating particles, no background","Marble with pale blue accents, palette violet #9B86D9 aura, warm white marble, restrained gold leaf, hand-painted museum statue finish with a subtle dark wash in the crevices and gentle wear on the edges, crisp painted detail on scroll of law, a small model of a walled city, no baked lighting or shadows, no text, no logos"
"155","sovereign","愛瑞妮（和平）","Eirene (Peace)","figure","Collectible statue of Eirene, a gentle goddess cradling the infant god of wealth in one arm, holding the child tenderly, with infant Plutus, olive branch, cornucopia, white marble, a low hexagonal marble plinth with a Greek key border, museum-quality sculpture, clean readable silhouette, thick sturdy details, single connected object, no floating particles, no background","White marble, palette violet #9B86D9 aura, warm white marble, restrained gold leaf, hand-painted museum statue finish with a subtle dark wash in the crevices and gentle wear on the edges, crisp painted detail on infant Plutus, olive branch, cornucopia, no baked lighting or shadows, no text, no logos"
"164","sovereign","赫柏","Hebe","figure","Collectible statue of Hebe, a youthful goddess of eternal youth with flowers in her hair, pouring nectar into a raised cup, with nectar jug, golden cup, eagle, rosy marble with gold, a low hexagonal marble plinth with a Greek key border, museum-quality sculpture, clean readable silhouette, thick sturdy details, single connected object, no floating particles, no background","Rosy marble with gold, palette violet #9B86D9 aura, warm white marble, restrained gold leaf, hand-painted museum statue finish with a subtle dark wash in the crevices and gentle wear on the edges, crisp painted detail on nectar jug, golden cup, eagle, no baked lighting or shadows, no text, no logos"
"141","sovereign","阿里斯泰俄斯","Aristaeus","figure","Collectible statue of Aristaeus, a rustic young shepherd god in a wide sun hat, bees swirling around him, a lamb over his shoulders, holding a honeycomb aloft, with beehive, honeycomb, olive branch, sunlit terracotta with honey-gold glaze, a low hexagonal marble plinth with a Greek key border, museum-quality sculpture, clean readable silhouette, thick sturdy details, single connected object, no floating particles, no background","Sunlit terracotta with honey-gold glaze, palette violet #9B86D9 aura, warm white marble, restrained gold leaf, hand-painted museum statue finish with a subtle dark wash in the crevices and gentle wear on the edges, crisp painted detail on beehive, honeycomb, olive branch, no baked lighting or shadows, no text, no logos"
"137","sovereign","卡戎","Charon","figure","Collectible statue of Charon, a gaunt old ferryman in a ragged hooded cloak, burning eyes, bony hands, standing in the skiff, poling across dark water, with long pole, obol coin, narrow skiff, dark wood and weathered bronze, a low hexagonal marble plinth with a Greek key border, museum-quality sculpture, clean readable silhouette, thick sturdy details, single connected object, no floating particles, no background","Dark wood and weathered bronze, palette violet #9B86D9 aura, warm white marble, restrained gold leaf, hand-painted museum statue finish with a subtle dark wash in the crevices and gentle wear on the edges, crisp painted detail on long pole, obol coin, narrow skiff, no baked lighting or shadows, no text, no logos"
"26","edge","提豐","Typhon","creature","Collectible statue of Typhon, a colossal storm giant whose lower body is a mass of coiled serpents, a hundred dragon heads sprouting from his shoulders and arms, vast wings, eyes of fire, rearing up out of an erupting volcano, with lava, lightning scars, black volcanic rock with molten orange cracks, a low hexagonal plinth of cracked black basalt with a bronze rim, museum-quality sculpture, clean readable silhouette, thick sturdy details, single connected object, no floating particles, no background","Black volcanic rock with molten orange cracks, palette vermilion #D5664A, charcoal black, ember orange, bronze, hand-painted museum statue finish with a subtle dark wash in the crevices and gentle wear on the edges, crisp painted detail on lava, lightning scars, no baked lighting or shadows, no text, no logos"
"45","edge","赫拉克勒斯（神格）","Heracles (deified)","figure","Collectible statue of Heracles, a massively muscled bearded hero wearing the Nemean lion's pelt as a hooded cloak, resting his weight on the club, with olive-wood club, lion skin, bow, dark bronze, a low hexagonal plinth of cracked black basalt with a bronze rim, museum-quality sculpture, clean readable silhouette, thick sturdy details, single connected object, no floating particles, no background","Dark bronze, palette vermilion #D5664A, charcoal black, ember orange, bronze, hand-painted museum statue finish with a subtle dark wash in the crevices and gentle wear on the edges, crisp painted detail on olive-wood club, lion skin, bow, no baked lighting or shadows, no text, no logos"
"27","edge","九頭蛇","Lernaean Hydra","creature","Collectible statue of Lernaean Hydra, a massive swamp serpent-dragon with nine long heads on writhing necks, the central head golden and immortal, slick scales dripping venom, heads spread out in a fan, with venom, swamp reeds, wet green-black scales, a low hexagonal plinth of cracked black basalt with a bronze rim, museum-quality sculpture, clean readable silhouette, thick sturdy details, single connected object, no floating particles, no background","Wet green-black scales, palette vermilion #D5664A, charcoal black, ember orange, bronze, hand-painted museum statue finish with a subtle dark wash in the crevices and gentle wear on the edges, crisp painted detail on venom, swamp reeds, no baked lighting or shadows, no text, no logos"
"28","edge","厄喀德娜","Echidna","creature","Collectible statue of Echidna, a beautiful woman from the waist up whose lower body is a giant coiled serpent tail, dwelling in a cave, the mother of monsters, coiled on a rock with her upper body raised, with serpent coils, cave rock, pale skin and emerald scales, a low hexagonal plinth of cracked black basalt with a bronze rim, museum-quality sculpture, clean readable silhouette, thick sturdy details, single connected object, no floating particles, no background","Pale skin and emerald scales, palette vermilion #D5664A, charcoal black, ember orange, bronze, hand-painted museum statue finish with a subtle dark wash in the crevices and gentle wear on the edges, crisp painted detail on serpent coils, cave rock, no baked lighting or shadows, no text, no logos"
"29","edge","喀邁拉","Chimera","creature","Collectible statue of Chimera, a fire-breathing lion with a goat's head rising from its back and a live serpent for a tail, crouched and roaring, the lion head breathing fire, with flames, patinated Etruscan bronze, a low hexagonal plinth of cracked black basalt with a bronze rim, museum-quality sculpture, clean readable silhouette, thick sturdy details, single connected object, no floating particles, no background","Patinated Etruscan bronze, palette vermilion #D5664A, charcoal black, ember orange, bronze, hand-painted museum statue finish with a subtle dark wash in the crevices and gentle wear on the edges, crisp painted detail on flames, no baked lighting or shadows, no text, no logos"
"30","edge","刻耳柏洛斯","Cerberus","creature","Collectible statue of Cerberus, a huge three-headed hound with a serpent for a tail and snakes rising along its spine, heavy spiked collars, crouched in front of a gate, all three heads snarling, with iron chain, spiked collars, black iron and dark fur, a low hexagonal plinth of cracked black basalt with a bronze rim, museum-quality sculpture, clean readable silhouette, thick sturdy details, single connected object, no floating particles, no background","Black iron and dark fur, palette vermilion #D5664A, charcoal black, ember orange, bronze, hand-painted museum statue finish with a subtle dark wash in the crevices and gentle wear on the edges, crisp painted detail on iron chain, spiked collars, no baked lighting or shadows, no text, no logos"
"31","edge","卡律布狄斯","Charybdis","phenomenon","Sculptural diorama of Charybdis, a colossal whirlpool with a gaping toothed maw at its centre, a small ship tilting into the spiral, a spiral vortex swallowing inward, with ship debris, dark teal water and bone-white teeth, a low hexagonal plinth of cracked black basalt with a bronze rim, museum-quality sculpture, clean readable silhouette, thick sturdy details, single connected object, no floating particles, no background","Dark teal water and bone-white teeth, palette vermilion #D5664A, charcoal black, ember orange, bronze, hand-painted museum statue finish with a subtle dark wash in the crevices and gentle wear on the edges, crisp painted detail on ship debris, no baked lighting or shadows, no text, no logos"
"33","edge","恩刻拉多斯","Enceladus","figure","Collectible statue of Enceladus, a giant with serpent legs pinned beneath a mountain island, arms straining against the rock, pushing up against the mountain on his back, with boulders, smoking mountain, rough stone and volcanic ash, a low hexagonal plinth of cracked black basalt with a bronze rim, museum-quality sculpture, clean readable silhouette, thick sturdy details, single connected object, no floating particles, no background","Rough stone and volcanic ash, palette vermilion #D5664A, charcoal black, ember orange, bronze, hand-painted museum statue finish with a subtle dark wash in the crevices and gentle wear on the edges, crisp painted detail on boulders, smoking mountain, no baked lighting or shadows, no text, no logos"
"34","edge","斯庫拉","Scylla","creature","Collectible statue of Scylla, a woman's torso whose waist sprouts six ravenous dog heads on long necks and a mass of tentacles below, lunging down from a sea cliff, with snatched oars, cliff rock, grey-green scales, a low hexagonal plinth of cracked black basalt with a bronze rim, museum-quality sculpture, clean readable silhouette, thick sturdy details, single connected object, no floating particles, no background","Grey-green scales, palette vermilion #D5664A, charcoal black, ember orange, bronze, hand-painted museum statue finish with a subtle dark wash in the crevices and gentle wear on the edges, crisp painted detail on snatched oars, cliff rock, no baked lighting or shadows, no text, no logos"
"36","edge","格律翁","Geryon","figure","Collectible statue of Geryon, a giant with three torsos, three helmeted heads and six arms joined at one waist, three bodies facing outward in a triangle, with three shields, three spears, cattle, bronze armour, a low hexagonal plinth of cracked black basalt with a bronze rim, museum-quality sculpture, clean readable silhouette, thick sturdy details, single connected object, no floating particles, no background","Bronze armour, palette vermilion #D5664A, charcoal black, ember orange, bronze, hand-painted museum statue finish with a subtle dark wash in the crevices and gentle wear on the edges, crisp painted detail on three shields, three spears, cattle, no baked lighting or shadows, no text, no logos"
"37","edge","波呂玻忒斯","Polybotes","figure","Collectible statue of Polybotes, a giant with serpent legs and kelp-tangled hair, hurling the boulder overhead, with a boulder torn from an island, rough stone and seaweed, a low hexagonal plinth of cracked black basalt with a bronze rim, museum-quality sculpture, clean readable silhouette, thick sturdy details, single connected object, no floating particles, no background","Rough stone and seaweed, palette vermilion #D5664A, charcoal black, ember orange, bronze, hand-painted museum statue finish with a subtle dark wash in the crevices and gentle wear on the edges, crisp painted detail on a boulder torn from an island, no baked lighting or shadows, no text, no logos"
"38","edge","波耳菲里翁","Porphyrion","figure","Collectible statue of Porphyrion, the crowned king of the giants, enormous, with serpent legs and a purple cloak, roaring a challenge with one fist raised, with boulder, iron crown, porphyry stone, a low hexagonal plinth of cracked black basalt with a bronze rim, museum-quality sculpture, clean readable silhouette, thick sturdy details, single connected object, no floating particles, no background","Porphyry stone, palette vermilion #D5664A, charcoal black, ember orange, bronze, hand-painted museum statue finish with a subtle dark wash in the crevices and gentle wear on the edges, crisp painted detail on boulder, iron crown, no baked lighting or shadows, no text, no logos"
"39","edge","獨眼巨人（阿爾戈斯匠）","Cyclopes (forge)","figure","Collectible statue of Cyclopes, a one-eyed giant blacksmith with a leather apron and a single great eye, hammering a thunderbolt on the anvil, with hammer, tongs, half-forged thunderbolt, soot bronze and glowing metal, a low hexagonal plinth of cracked black basalt with a bronze rim, museum-quality sculpture, clean readable silhouette, thick sturdy details, single connected object, no floating particles, no background","Soot bronze and glowing metal, palette vermilion #D5664A, charcoal black, ember orange, bronze, hand-painted museum statue finish with a subtle dark wash in the crevices and gentle wear on the edges, crisp painted detail on hammer, tongs, half-forged thunderbolt, no baked lighting or shadows, no text, no logos"
"40","edge","百臂巨人（合）","Hecatoncheires","creature","Collectible statue of Hecatoncheires, a giant with fifty heads and a hundred arms radiating outward like a wheel, each hand gripping a boulder, arms flung out, hurling stones in every direction, with boulders, grey granite, a low hexagonal plinth of cracked black basalt with a bronze rim, museum-quality sculpture, clean readable silhouette, thick sturdy details, single connected object, no floating particles, no background","Grey granite, palette vermilion #D5664A, charcoal black, ember orange, bronze, hand-painted museum statue finish with a subtle dark wash in the crevices and gentle wear on the edges, crisp painted detail on boulders, no baked lighting or shadows, no text, no logos"
"41","edge","安普薩","Empusa","creature","Collectible statue of Empusa, a seductive demon woman with flaming hair, one leg of bronze and one donkey leg, stalking forward at night, with flames, pale skin, bronze leg and fire, a low hexagonal plinth of cracked black basalt with a bronze rim, museum-quality sculpture, clean readable silhouette, thick sturdy details, single connected object, no floating particles, no background","Pale skin, bronze leg and fire, palette vermilion #D5664A, charcoal black, ember orange, bronze, hand-painted museum statue finish with a subtle dark wash in the crevices and gentle wear on the edges, crisp painted detail on flames, no baked lighting or shadows, no text, no logos"
"42","edge","拉弥亞","Lamia","creature","Collectible statue of Lamia, a sorrowful beautiful queen whose lower body is a serpent, hungry eyes, hands reaching, coiled around an empty cradle, with empty cradle, pale skin and dark scales, a low hexagonal plinth of cracked black basalt with a bronze rim, museum-quality sculpture, clean readable silhouette, thick sturdy details, single connected object, no floating particles, no background","Pale skin and dark scales, palette vermilion #D5664A, charcoal black, ember orange, bronze, hand-painted museum statue finish with a subtle dark wash in the crevices and gentle wear on the edges, crisp painted detail on empty cradle, no baked lighting or shadows, no text, no logos"
"43","edge","斯芬克斯（底比斯）","Sphinx (Theban)","creature","Collectible statue of Sphinx, a winged lion with the head and breasts of a woman, calm and riddling, seated regally on a column with wings raised, with column, scattered bones, sandstone and gold, a low hexagonal plinth of cracked black basalt with a bronze rim, museum-quality sculpture, clean readable silhouette, thick sturdy details, single connected object, no floating particles, no background","Sandstone and gold, palette vermilion #D5664A, charcoal black, ember orange, bronze, hand-painted museum statue finish with a subtle dark wash in the crevices and gentle wear on the edges, crisp painted detail on column, scattered bones, no baked lighting or shadows, no text, no logos"
"46","edge","埃律曼托斯山野豬","Erymanthian Boar","creature","Collectible statue of Erymanthian Boar, a monstrous wild boar with huge curved tusks and a bristling mane, charging downhill, with snow on the ground, dark bristly fur, a low hexagonal plinth of cracked black basalt with a bronze rim, museum-quality sculpture, clean readable silhouette, thick sturdy details, single connected object, no floating particles, no background","Dark bristly fur, palette vermilion #D5664A, charcoal black, ember orange, bronze, hand-painted museum statue finish with a subtle dark wash in the crevices and gentle wear on the edges, crisp painted detail on snow on the ground, no baked lighting or shadows, no text, no logos"
"47","edge","埃阿斯（大埃阿斯）","Ajax the Great (Telamonian)","figure","Collectible statue of Ajax the Great, a towering warrior behind a huge tower shield of seven ox-hides, shielding a fallen comrade, with tower shield, long spear, bronze, a low hexagonal plinth of cracked black basalt with a bronze rim, museum-quality sculpture, clean readable silhouette, thick sturdy details, single connected object, no floating particles, no background","Bronze, palette vermilion #D5664A, charcoal black, ember orange, bronze, hand-painted museum statue finish with a subtle dark wash in the crevices and gentle wear on the edges, crisp painted detail on tower shield, long spear, no baked lighting or shadows, no text, no logos"
"48","edge","珀爾修斯","Perseus","figure","Collectible statue of Perseus, a young hero with a winged helmet and winged sandals, raising the gorgon's head high, with harpe sickle-sword, mirrored shield, the severed head of Medusa, bronze, a low hexagonal plinth of cracked black basalt with a bronze rim, museum-quality sculpture, clean readable silhouette, thick sturdy details, single connected object, no floating particles, no background","Bronze, palette vermilion #D5664A, charcoal black, ember orange, bronze, hand-painted museum statue finish with a subtle dark wash in the crevices and gentle wear on the edges, crisp painted detail on harpe sickle-sword, mirrored shield, the severed head of Medusa, no baked lighting or shadows, no text, no logos"
"49","edge","貝勒羅豐","Bellerophon","figure","Collectible statue of Bellerophon, a young hero mounted on the winged horse Pegasus, riding upward, lance thrust forward, with golden bridle, lance, bronze and white marble, a low hexagonal plinth of cracked black basalt with a bronze rim, museum-quality sculpture, clean readable silhouette, thick sturdy details, single connected object, no floating particles, no background","Bronze and white marble, palette vermilion #D5664A, charcoal black, ember orange, bronze, hand-painted museum statue finish with a subtle dark wash in the crevices and gentle wear on the edges, crisp painted detail on golden bridle, lance, no baked lighting or shadows, no text, no logos"
"50","edge","阿基里斯","Achilles","figure","Collectible statue of Achilles, a swift young warrior in a crested helmet and ornate armour, one heel bound with cloth, lunging with the spear, with ash spear, great shield, gleaming bronze, a low hexagonal plinth of cracked black basalt with a bronze rim, museum-quality sculpture, clean readable silhouette, thick sturdy details, single connected object, no floating particles, no background","Gleaming bronze, palette vermilion #D5664A, charcoal black, ember orange, bronze, hand-painted museum statue finish with a subtle dark wash in the crevices and gentle wear on the edges, crisp painted detail on ash spear, great shield, no baked lighting or shadows, no text, no logos"
"51","edge","阿塔蘭忒","Atalanta","figure","Collectible statue of Atalanta, a lean huntress runner in a short tunic with bare feet, sprinting, with bow, boar spear, golden apples, bronze, a low hexagonal plinth of cracked black basalt with a bronze rim, museum-quality sculpture, clean readable silhouette, thick sturdy details, single connected object, no floating particles, no background","Bronze, palette vermilion #D5664A, charcoal black, ember orange, bronze, hand-painted museum statue finish with a subtle dark wash in the crevices and gentle wear on the edges, crisp painted detail on bow, boar spear, golden apples, no baked lighting or shadows, no text, no logos"
"258","edge","喀耳刻","Circe","figure","Collectible statue of Circe, a sorceress with a wand and a cup of potion, offering the cup, with wand, potion cup, loom, pigs, marble with gold, a low hexagonal plinth of cracked black basalt with a bronze rim, museum-quality sculpture, clean readable silhouette, thick sturdy details, single connected object, no floating particles, no background","Marble with gold, palette vermilion #D5664A, charcoal black, ember orange, bronze, hand-painted museum statue finish with a subtle dark wash in the crevices and gentle wear on the edges, crisp painted detail on wand, potion cup, loom, pigs, no baked lighting or shadows, no text, no logos"
"52","edge","伊阿宋","Jason","figure","Collectible statue of Jason, a young hero wearing only one sandal, the golden fleece over his shoulder, holding the fleece aloft, with golden fleece, sword, oar, bronze with a gold fleece, a low hexagonal plinth of cracked black basalt with a bronze rim, museum-quality sculpture, clean readable silhouette, thick sturdy details, single connected object, no floating particles, no background","Bronze with a gold fleece, palette vermilion #D5664A, charcoal black, ember orange, bronze, hand-painted museum statue finish with a subtle dark wash in the crevices and gentle wear on the edges, crisp painted detail on golden fleece, sword, oar, no baked lighting or shadows, no text, no logos"
"53","edge","卡德摩斯","Cadmus","figure","Collectible statue of Cadmus, a hero scattering dragon teeth from a sack while armed warriors sprout from the ground, casting teeth onto the earth, with sack of dragon teeth, spear, bronze, a low hexagonal plinth of cracked black basalt with a bronze rim, museum-quality sculpture, clean readable silhouette, thick sturdy details, single connected object, no floating particles, no background","Bronze, palette vermilion #D5664A, charcoal black, ember orange, bronze, hand-painted museum statue finish with a subtle dark wash in the crevices and gentle wear on the edges, crisp painted detail on sack of dragon teeth, spear, no baked lighting or shadows, no text, no logos"
"54","edge","埃涅阿斯","Aeneas","figure","Collectible statue of Aeneas, a warrior carrying his old father on his shoulders and leading his young son by the hand, fleeing a burning city, with household gods in a small shrine, marble, a low hexagonal plinth of cracked black basalt with a bronze rim, museum-quality sculpture, clean readable silhouette, thick sturdy details, single connected object, no floating particles, no background","Marble, palette vermilion #D5664A, charcoal black, ember orange, bronze, hand-painted museum statue finish with a subtle dark wash in the crevices and gentle wear on the edges, crisp painted detail on household gods in a small shrine, no baked lighting or shadows, no text, no logos"
"55","edge","奧德修斯","Odysseus","figure","Collectible statue of Odysseus, a bearded seafarer in a conical pilos cap with sharp, cunning eyes, lashed to a ship's mast, listening, with bow, oar, small wooden horse, weathered bronze, a low hexagonal plinth of cracked black basalt with a bronze rim, museum-quality sculpture, clean readable silhouette, thick sturdy details, single connected object, no floating particles, no background","Weathered bronze, palette vermilion #D5664A, charcoal black, ember orange, bronze, hand-painted museum statue finish with a subtle dark wash in the crevices and gentle wear on the edges, crisp painted detail on bow, oar, small wooden horse, no baked lighting or shadows, no text, no logos"
"56","edge","奧菲斯","Orpheus","figure","Collectible statue of Orpheus, a young musician-poet with a lyre, eyes lowered in grief, playing while glancing back over his shoulder, with lyre, marble, a low hexagonal plinth of cracked black basalt with a bronze rim, museum-quality sculpture, clean readable silhouette, thick sturdy details, single connected object, no floating particles, no background","Marble, palette vermilion #D5664A, charcoal black, ember orange, bronze, hand-painted museum statue finish with a subtle dark wash in the crevices and gentle wear on the edges, crisp painted detail on lyre, no baked lighting or shadows, no text, no logos"
"57","edge","忒修斯","Theseus","figure","Collectible statue of Theseus, a young athletic hero with short hair, wrestling a bull-headed monster, with sword, ball of thread, bronze, a low hexagonal plinth of cracked black basalt with a bronze rim, museum-quality sculpture, clean readable silhouette, thick sturdy details, single connected object, no floating particles, no background","Bronze, palette vermilion #D5664A, charcoal black, ember orange, bronze, hand-painted museum statue finish with a subtle dark wash in the crevices and gentle wear on the edges, crisp painted detail on sword, ball of thread, no baked lighting or shadows, no text, no logos"
"257","edge","彌諾陶洛斯","Minotaur","creature","Collectible statue of Minotaur, a man with a bull's head and a massive body, crouched in the labyrinth, with labyrinth walls, bones, dark bronze, a low hexagonal plinth of cracked black basalt with a bronze rim, museum-quality sculpture, clean readable silhouette, thick sturdy details, single connected object, no floating particles, no background","Dark bronze, palette vermilion #D5664A, charcoal black, ember orange, bronze, hand-painted museum statue finish with a subtle dark wash in the crevices and gentle wear on the edges, crisp painted detail on labyrinth walls, bones, no baked lighting or shadows, no text, no logos"
"44","edge","美杜莎","Medusa","figure","Collectible statue of Medusa, a woman with living snakes for hair and a sorrowful face, a priestess before she became a monster, looking down with one hand shielding her eyes, with coiled serpents, small stone statues, marble with bronze snakes, a low hexagonal plinth of cracked black basalt with a bronze rim, museum-quality sculpture, clean readable silhouette, thick sturdy details, single connected object, no floating particles, no background","Marble with bronze snakes, palette vermilion #D5664A, charcoal black, ember orange, bronze, hand-painted museum statue finish with a subtle dark wash in the crevices and gentle wear on the edges, crisp painted detail on coiled serpents, small stone statues, no baked lighting or shadows, no text, no logos"
"59","edge","克裡特公牛","Cretan Bull","creature","Collectible statue of Cretan Bull, a massive white bull with gleaming lyre-shaped horns, rearing up, with sea foam at its hooves, white marble, a low hexagonal plinth of cracked black basalt with a bronze rim, museum-quality sculpture, clean readable silhouette, thick sturdy details, single connected object, no floating particles, no background","White marble, palette vermilion #D5664A, charcoal black, ember orange, bronze, hand-painted museum statue finish with a subtle dark wash in the crevices and gentle wear on the edges, crisp painted detail on sea foam at its hooves, no baked lighting or shadows, no text, no logos"
"60","edge","卡利冬野豬","Calydonian Boar","creature","Collectible statue of Calydonian Boar, a monstrous boar with red eyes and enormous tusks, charging through a wheat field, with trampled wheat, dark bristly fur, a low hexagonal plinth of cracked black basalt with a bronze rim, museum-quality sculpture, clean readable silhouette, thick sturdy details, single connected object, no floating particles, no background","Dark bristly fur, palette vermilion #D5664A, charcoal black, ember orange, bronze, hand-painted museum statue finish with a subtle dark wash in the crevices and gentle wear on the edges, crisp painted detail on trampled wheat, no baked lighting or shadows, no text, no logos"
"61","edge","斯廷法洛斯鳥","Stymphalian Birds","group","Collectible statue group of Stymphalian Birds, a flock of man-eating birds with bronze beaks and metal feathers that fire like arrows, taking off together from a marsh, with metal feathers, bronze metal feathers, a low hexagonal plinth of cracked black basalt with a bronze rim, museum-quality sculpture, clean readable silhouette, thick sturdy details, single connected object, no floating particles, no background","Bronze metal feathers, palette vermilion #D5664A, charcoal black, ember orange, bronze, hand-painted museum statue finish with a subtle dark wash in the crevices and gentle wear on the edges, crisp painted detail on metal feathers, no baked lighting or shadows, no text, no logos"
"62","edge","涅墨亞獅","Nemean Lion","creature","Collectible statue of Nemean Lion, a giant lion with a golden hide no weapon can pierce, prowling with its head low, golden bronze, a low hexagonal plinth of cracked black basalt with a bronze rim, museum-quality sculpture, clean readable silhouette, thick sturdy details, single connected object, no floating particles, no background","Golden bronze, palette vermilion #D5664A, charcoal black, ember orange, bronze, hand-painted museum statue finish with a subtle dark wash in the crevices and gentle wear on the edges, no baked lighting or shadows, no text, no logos"
"63","edge","刻瑞斯（暴死靈）","Keres","figure","Collectible statue of Keres, dark female death spirits with bloody claws and fangs, tattered crimson robes and bat-like wings, swooping over a battlefield, dark resin with crimson cloth, a low hexagonal plinth of cracked black basalt with a bronze rim, museum-quality sculpture, clean readable silhouette, thick sturdy details, single connected object, no floating particles, no background","Dark resin with crimson cloth, palette vermilion #D5664A, charcoal black, ember orange, bronze, hand-painted museum statue finish with a subtle dark wash in the crevices and gentle wear on the edges, no baked lighting or shadows, no text, no logos"
"64","edge","哈耳庇厄","Harpies","creature","Collectible statue of Harpies, bird-bodied women with gaunt faces, hooked talons and storm-torn feathers, snatching downward with talons open, with stolen food, dark feathers and pale skin, a low hexagonal plinth of cracked black basalt with a bronze rim, museum-quality sculpture, clean readable silhouette, thick sturdy details, single connected object, no floating particles, no background","Dark feathers and pale skin, palette vermilion #D5664A, charcoal black, ember orange, bronze, hand-painted museum statue finish with a subtle dark wash in the crevices and gentle wear on the edges, crisp painted detail on stolen food, no baked lighting or shadows, no text, no logos"
"65","edge","塔洛斯（青銅巨像）","Talos","figure","Collectible statue of Talos, a giant bronze automaton warrior with a single vein sealed by a bronze nail at the ankle, raising a boulder to throw, with boulder, bronze nail, red-hot glowing bronze, a low hexagonal plinth of cracked black basalt with a bronze rim, museum-quality sculpture, clean readable silhouette, thick sturdy details, single connected object, no floating particles, no background","Red-hot glowing bronze, palette vermilion #D5664A, charcoal black, ember orange, bronze, hand-painted museum statue finish with a subtle dark wash in the crevices and gentle wear on the edges, crisp painted detail on boulder, bronze nail, no baked lighting or shadows, no text, no logos"
"66","edge","大洋神","Oceanus","figure","Collectible statue of Oceanus, a titan with a long wet beard and bull horns crowned with crab claws, a fish tail, a river circling him, reclining inside a ring of flowing water, with river, sea creatures, sea-green bronze, a low hexagonal plinth of cracked black basalt with a bronze rim, museum-quality sculpture, clean readable silhouette, thick sturdy details, single connected object, no floating particles, no background","Sea-green bronze, palette vermilion #D5664A, charcoal black, ember orange, bronze, hand-painted museum statue finish with a subtle dark wash in the crevices and gentle wear on the edges, crisp painted detail on river, sea creatures, no baked lighting or shadows, no text, no logos"
"67","edge","忒堤斯","Tethys","figure","Collectible statue of Tethys, a matronly titaness with small wings on her brow, rivers pouring from her jug, pouring rivers from the jug, with water jug, blue-grey marble, a low hexagonal plinth of cracked black basalt with a bronze rim, museum-quality sculpture, clean readable silhouette, thick sturdy details, single connected object, no floating particles, no background","Blue-grey marble, palette vermilion #D5664A, charcoal black, ember orange, bronze, hand-painted museum statue finish with a subtle dark wash in the crevices and gentle wear on the edges, crisp painted detail on water jug, no baked lighting or shadows, no text, no logos"
"68","edge","拉冬（園龍）","Ladon","creature","Collectible statue of Ladon, a many-headed serpent-dragon coiled around a tree of golden apples, eyes that never close, coiled around the trunk, heads watching every way, with golden apple tree, emerald scales and gold, a low hexagonal plinth of cracked black basalt with a bronze rim, museum-quality sculpture, clean readable silhouette, thick sturdy details, single connected object, no floating particles, no background","Emerald scales and gold, palette vermilion #D5664A, charcoal black, ember orange, bronze, hand-painted museum statue finish with a subtle dark wash in the crevices and gentle wear on the edges, crisp painted detail on golden apple tree, no baked lighting or shadows, no text, no logos"
"69","edge","斯特律克斯","Strix","creature","Collectible statue of Strix, an owl-like night bird with a woman's face and hooked talons, perched with wings half open, dark feathers, a low hexagonal plinth of cracked black basalt with a bronze rim, museum-quality sculpture, clean readable silhouette, thick sturdy details, single connected object, no floating particles, no background","Dark feathers, palette vermilion #D5664A, charcoal black, ember orange, bronze, hand-painted museum statue finish with a subtle dark wash in the crevices and gentle wear on the edges, no baked lighting or shadows, no text, no logos"
"70","edge","格勞科斯","Glaucus","figure","Collectible statue of Glaucus, a fisherman turned sea god with a fish tail, a seaweed beard and barnacled skin, rising out of a wave, with fishing net, sea herb, barnacled green bronze, a low hexagonal plinth of cracked black basalt with a bronze rim, museum-quality sculpture, clean readable silhouette, thick sturdy details, single connected object, no floating particles, no background","Barnacled green bronze, palette vermilion #D5664A, charcoal black, ember orange, bronze, hand-painted museum statue finish with a subtle dark wash in the crevices and gentle wear on the edges, crisp painted detail on fishing net, sea herb, no baked lighting or shadows, no text, no logos"
"71","edge","涅勒伊得斯（合）","Nereids (group)","group","Collectible statue group of Nereids, a group of sea nymphs riding dolphins and sea-horses through the waves, riding together through a wave, with shells, pearls, dolphins, white marble and sea-green glass, a low hexagonal plinth of cracked black basalt with a bronze rim, museum-quality sculpture, clean readable silhouette, thick sturdy details, single connected object, no floating particles, no background","White marble and sea-green glass, palette vermilion #D5664A, charcoal black, ember orange, bronze, hand-painted museum statue finish with a subtle dark wash in the crevices and gentle wear on the edges, crisp painted detail on shells, pearls, dolphins, no baked lighting or shadows, no text, no logos"
"72","edge","潘那塞斯","Parnassus spirits","abstract","Abstract collectible sculpture of Parnassus spirits, a sacred mountain peak with a spring at its heart, laurel trees and a luminous mist of inspiration rising, mist rising from the spring, with laurel, spring, lyre carved in the rock, pale limestone with laurel green, a low hexagonal plinth of cracked black basalt with a bronze rim, museum-quality sculpture, clean readable silhouette, thick sturdy details, single connected object, no floating particles, no background","Pale limestone with laurel green, palette vermilion #D5664A, charcoal black, ember orange, bronze, hand-painted museum statue finish with a subtle dark wash in the crevices and gentle wear on the edges, crisp painted detail on laurel, spring, lyre carved in the rock, no baked lighting or shadows, no text, no logos"
"74","edge","灰髮三姊（格勞凱）","Graeae (three)","group","Collectible statue group of Graeae, three ancient grey-haired sisters sharing a single eye and one tooth, passing the single eye from hand to hand, with one eye, one tooth, grey weathered stone, a low hexagonal plinth of cracked black basalt with a bronze rim, museum-quality sculpture, clean readable silhouette, thick sturdy details, single connected object, no floating particles, no background","Grey weathered stone, palette vermilion #D5664A, charcoal black, ember orange, bronze, hand-painted museum statue finish with a subtle dark wash in the crevices and gentle wear on the edges, crisp painted detail on one eye, one tooth, no baked lighting or shadows, no text, no logos"
"75","edge","瑞亞","Rhea","figure","Collectible statue of Rhea, a titaness mother goddess with a turreted crown, lions at her sides, handing over the swaddled stone, with a stone wrapped in swaddling cloth, warm marble, a low hexagonal plinth of cracked black basalt with a bronze rim, museum-quality sculpture, clean readable silhouette, thick sturdy details, single connected object, no floating particles, no background","Warm marble, palette vermilion #D5664A, charcoal black, ember orange, bronze, hand-painted museum statue finish with a subtle dark wash in the crevices and gentle wear on the edges, crisp painted detail on a stone wrapped in swaddling cloth, no baked lighting or shadows, no text, no logos"
"76","edge","皮同（德爾斐蛇）","Python","creature","Collectible statue of Python, a gigantic serpent-dragon coiled around the Delphic navel stone, coiled with its head raised to strike, with omphalos stone, dark scales, a low hexagonal plinth of cracked black basalt with a bronze rim, museum-quality sculpture, clean readable silhouette, thick sturdy details, single connected object, no floating particles, no background","Dark scales, palette vermilion #D5664A, charcoal black, ember orange, bronze, hand-painted museum statue finish with a subtle dark wash in the crevices and gentle wear on the edges, crisp painted detail on omphalos stone, no baked lighting or shadows, no text, no logos"
"77","edge","許珀里翁","Hyperion","figure","Collectible statue of Hyperion, a radiant titan of heavenly light with a sunburst crown, standing with arms spread, light radiating, with sunburst crown, gold and white marble, a low hexagonal plinth of cracked black basalt with a bronze rim, museum-quality sculpture, clean readable silhouette, thick sturdy details, single connected object, no floating particles, no background","Gold and white marble, palette vermilion #D5664A, charcoal black, ember orange, bronze, hand-painted museum statue finish with a subtle dark wash in the crevices and gentle wear on the edges, crisp painted detail on sunburst crown, no baked lighting or shadows, no text, no logos"
"78","edge","迪俄墨得斯之馬","Mares of Diomedes","group","Collectible statue group of Mares of Diomedes, four wild man-eating horses with bloody mouths straining at bronze chains, rearing together, with bronze chains, manger, dark bronze, a low hexagonal plinth of cracked black basalt with a bronze rim, museum-quality sculpture, clean readable silhouette, thick sturdy details, single connected object, no floating particles, no background","Dark bronze, palette vermilion #D5664A, charcoal black, ember orange, bronze, hand-painted museum statue finish with a subtle dark wash in the crevices and gentle wear on the edges, crisp painted detail on bronze chains, manger, no baked lighting or shadows, no text, no logos"
"79","edge","阿特拉斯","Atlas","figure","Collectible statue of Atlas, a straining titan kneeling under the weight of the celestial sphere on his shoulders, kneeling, bearing the globe, with celestial globe, dark bronze with a gold globe, a low hexagonal plinth of cracked black basalt with a bronze rim, museum-quality sculpture, clean readable silhouette, thick sturdy details, single connected object, no floating particles, no background","Dark bronze with a gold globe, palette vermilion #D5664A, charcoal black, ember orange, bronze, hand-painted museum statue finish with a subtle dark wash in the crevices and gentle wear on the edges, crisp painted detail on celestial globe, no baked lighting or shadows, no text, no logos"
"80","edge","阿耳戈斯（百目）","Argus Panoptes","figure","Collectible statue of Argus Panoptes, a giant whose whole body is covered with a hundred open eyes, standing watch, eyes open in every direction, with club, bronze with enamel eyes, a low hexagonal plinth of cracked black basalt with a bronze rim, museum-quality sculpture, clean readable silhouette, thick sturdy details, single connected object, no floating particles, no background","Bronze with enamel eyes, palette vermilion #D5664A, charcoal black, ember orange, bronze, hand-painted museum statue finish with a subtle dark wash in the crevices and gentle wear on the edges, crisp painted detail on club, no baked lighting or shadows, no text, no logos"
"81","edge","伊卡洛斯（母題）","Icarus","figure","Collectible statue of Icarus, a youth with wings of wax and feathers, feathers falling away, reaching toward the sun as he begins to fall, with melting wings, white marble with wax-yellow feathers, a low hexagonal plinth of cracked black basalt with a bronze rim, museum-quality sculpture, clean readable silhouette, thick sturdy details, single connected object, no floating particles, no background","White marble with wax-yellow feathers, palette vermilion #D5664A, charcoal black, ember orange, bronze, hand-painted museum statue finish with a subtle dark wash in the crevices and gentle wear on the edges, crisp painted detail on melting wings, no baked lighting or shadows, no text, no logos"
"82","edge","伊阿珀托斯","Iapetus","figure","Collectible statue of Iapetus, a stern bearded titan, ancestor of mortal men, standing with the spear planted, with spear, dark granite, a low hexagonal plinth of cracked black basalt with a bronze rim, museum-quality sculpture, clean readable silhouette, thick sturdy details, single connected object, no floating particles, no background","Dark granite, palette vermilion #D5664A, charcoal black, ember orange, bronze, hand-painted museum statue finish with a subtle dark wash in the crevices and gentle wear on the edges, crisp painted detail on spear, no baked lighting or shadows, no text, no logos"
"84","edge","倪俄柏（警世）","Niobe (cautionary)","figure","Collectible statue of Niobe, a grieving mother turning into weeping stone while shielding her last child, shielding the child as her body turns to stone, grey marble streaked with water, a low hexagonal plinth of cracked black basalt with a bronze rim, museum-quality sculpture, clean readable silhouette, thick sturdy details, single connected object, no floating particles, no background","Grey marble streaked with water, palette vermilion #D5664A, charcoal black, ember orange, bronze, hand-painted museum statue finish with a subtle dark wash in the crevices and gentle wear on the edges, no baked lighting or shadows, no text, no logos"
"85","edge","克洛諾斯（泰坦）","Cronus (Titan)","figure","Collectible statue of Cronus, an old bearded titan king with a great sickle, hooded and hungry, about to swallow the swaddled stone, with harpe sickle, swaddled stone, dark bronze, a low hexagonal plinth of cracked black basalt with a bronze rim, museum-quality sculpture, clean readable silhouette, thick sturdy details, single connected object, no floating particles, no background","Dark bronze, palette vermilion #D5664A, charcoal black, ember orange, bronze, hand-painted museum statue finish with a subtle dark wash in the crevices and gentle wear on the edges, crisp painted detail on harpe sickle, swaddled stone, no baked lighting or shadows, no text, no logos"
"86","edge","卡爾波（果實）","Carpo (Hora)","figure","Collectible statue of Carpo, a young goddess of the ripening season, carrying the basket on her hip, with basket of ripe fruit and grapes, warm marble, a low hexagonal plinth of cracked black basalt with a bronze rim, museum-quality sculpture, clean readable silhouette, thick sturdy details, single connected object, no floating particles, no background","Warm marble, palette vermilion #D5664A, charcoal black, ember orange, bronze, hand-painted museum statue finish with a subtle dark wash in the crevices and gentle wear on the edges, crisp painted detail on basket of ripe fruit and grapes, no baked lighting or shadows, no text, no logos"
"87","edge","厄俄斯","Eos","figure","Collectible statue of Eos, a winged dawn goddess with rosy fingers and a saffron robe, flowers falling from her hands, flying upward, scattering flowers, with flowers, rose marble and gold, a low hexagonal plinth of cracked black basalt with a bronze rim, museum-quality sculpture, clean readable silhouette, thick sturdy details, single connected object, no floating particles, no background","Rose marble and gold, palette vermilion #D5664A, charcoal black, ember orange, bronze, hand-painted museum statue finish with a subtle dark wash in the crevices and gentle wear on the edges, crisp painted detail on flowers, no baked lighting or shadows, no text, no logos"
"88","edge","厄庇米修斯","Epimetheus","figure","Collectible statue of Epimetheus, a titan looking backward over his shoulder, full of regret, holding the opened jar too late, with an opened jar, grey marble, a low hexagonal plinth of cracked black basalt with a bronze rim, museum-quality sculpture, clean readable silhouette, thick sturdy details, single connected object, no floating particles, no background","Grey marble, palette vermilion #D5664A, charcoal black, ember orange, bronze, hand-painted museum statue finish with a subtle dark wash in the crevices and gentle wear on the edges, crisp painted detail on an opened jar, no baked lighting or shadows, no text, no logos"
"89","edge","厄里倪厄斯（復仇女神，合）","Erinyes (Furies)","group","Collectible statue group of Erinyes, three winged women with snakes in their hair, hunting together, with torches, whips, black marble with bronze torches, a low hexagonal plinth of cracked black basalt with a bronze rim, museum-quality sculpture, clean readable silhouette, thick sturdy details, single connected object, no floating particles, no background","Black marble with bronze torches, palette vermilion #D5664A, charcoal black, ember orange, bronze, hand-painted museum statue finish with a subtle dark wash in the crevices and gentle wear on the edges, crisp painted detail on torches, whips, no baked lighting or shadows, no text, no logos"
"90","edge","厄里斯（紛爭）","Eris","figure","Collectible statue of Eris, a wild-haired winged goddess of strife with a mocking smile, tossing the golden apple, with golden apple, dark bronze and gold, a low hexagonal plinth of cracked black basalt with a bronze rim, museum-quality sculpture, clean readable silhouette, thick sturdy details, single connected object, no floating particles, no background","Dark bronze and gold, palette vermilion #D5664A, charcoal black, ember orange, bronze, hand-painted museum statue finish with a subtle dark wash in the crevices and gentle wear on the edges, crisp painted detail on golden apple, no baked lighting or shadows, no text, no logos"
"91","edge","塔納托斯（死神）","Thanatos","figure","Collectible statue of Thanatos, a winged, gentle-faced young man, the calm face of death, standing quietly, torch pointed down, with inverted torch, pale marble, a low hexagonal plinth of cracked black basalt with a bronze rim, museum-quality sculpture, clean readable silhouette, thick sturdy details, single connected object, no floating particles, no background","Pale marble, palette vermilion #D5664A, charcoal black, ember orange, bronze, hand-painted museum statue finish with a subtle dark wash in the crevices and gentle wear on the edges, crisp painted detail on inverted torch, no baked lighting or shadows, no text, no logos"
"92","edge","希墨尼俄斯（婚神）","Hymenaios","figure","Collectible statue of Hymenaios, a youthful winged god of weddings crowned with flowers, raising the wedding torch, with wedding torch, garland, rosy marble, a low hexagonal plinth of cracked black basalt with a bronze rim, museum-quality sculpture, clean readable silhouette, thick sturdy details, single connected object, no floating particles, no background","Rosy marble, palette vermilion #D5664A, charcoal black, ember orange, bronze, hand-painted museum statue finish with a subtle dark wash in the crevices and gentle wear on the edges, crisp painted detail on wedding torch, garland, no baked lighting or shadows, no text, no logos"
"93","edge","忒亞","Theia","figure","Collectible statue of Theia, a titaness of shining light with a crown of gemstones, standing with a hand raised, light gathering in her palm, with gemstones, white marble with crystal, a low hexagonal plinth of cracked black basalt with a bronze rim, museum-quality sculpture, clean readable silhouette, thick sturdy details, single connected object, no floating particles, no background","White marble with crystal, palette vermilion #D5664A, charcoal black, ember orange, bronze, hand-painted museum statue finish with a subtle dark wash in the crevices and gentle wear on the edges, crisp painted detail on gemstones, no baked lighting or shadows, no text, no logos"
"94","edge","拉達曼迪斯（冥府判官）","Rhadamanthys (Judge)","figure","Collectible statue of Rhadamanthys, a stern judge of the dead, seated in judgment, with sceptre, scroll, dark marble, a low hexagonal plinth of cracked black basalt with a bronze rim, museum-quality sculpture, clean readable silhouette, thick sturdy details, single connected object, no floating particles, no background","Dark marble, palette vermilion #D5664A, charcoal black, ember orange, bronze, hand-painted museum statue finish with a subtle dark wash in the crevices and gentle wear on the edges, crisp painted detail on sceptre, scroll, no baked lighting or shadows, no text, no logos"
"95","edge","普羅米修斯","Prometheus","figure","Collectible statue of Prometheus, a defiant titan, holding the fire up toward mankind, with a stalk of giant fennel with fire inside, bronze with a glowing ember, a low hexagonal plinth of cracked black basalt with a bronze rim, museum-quality sculpture, clean readable silhouette, thick sturdy details, single connected object, no floating particles, no background","Bronze with a glowing ember, palette vermilion #D5664A, charcoal black, ember orange, bronze, hand-painted museum statue finish with a subtle dark wash in the crevices and gentle wear on the edges, crisp painted detail on a stalk of giant fennel with fire inside, no baked lighting or shadows, no text, no logos"
"96","edge","普羅透斯（海之老者）","Proteus","figure","Collectible statue of Proteus, an old sea shape-shifter caught mid-transformation, half man, half lion, with water and a serpent pouring from his body, twisting as he changes shape, sea-green bronze, a low hexagonal plinth of cracked black basalt with a bronze rim, museum-quality sculpture, clean readable silhouette, thick sturdy details, single connected object, no floating particles, no background","Sea-green bronze, palette vermilion #D5664A, charcoal black, ember orange, bronze, hand-painted museum statue finish with a subtle dark wash in the crevices and gentle wear on the edges, no baked lighting or shadows, no text, no logos"
"97","edge","普路托斯（財富）","Plutus","figure","Collectible statue of Plutus, a small blindfolded boy god of wealth, holding the cornucopia with both arms, with overflowing cornucopia of grain and coins, gilded wood, a low hexagonal plinth of cracked black basalt with a bronze rim, museum-quality sculpture, clean readable silhouette, thick sturdy details, single connected object, no floating particles, no background","Gilded wood, palette vermilion #D5664A, charcoal black, ember orange, bronze, hand-painted museum statue finish with a subtle dark wash in the crevices and gentle wear on the edges, crisp painted detail on overflowing cornucopia of grain and coins, no baked lighting or shadows, no text, no logos"
"98","edge","梅提斯","Metis","figure","Collectible statue of Metis, a wise titaness with a serene knowing face, standing thoughtfully, with owl, folded plans, pale marble, a low hexagonal plinth of cracked black basalt with a bronze rim, museum-quality sculpture, clean readable silhouette, thick sturdy details, single connected object, no floating particles, no background","Pale marble, palette vermilion #D5664A, charcoal black, ember orange, bronze, hand-painted museum statue finish with a subtle dark wash in the crevices and gentle wear on the edges, crisp painted detail on owl, folded plans, no baked lighting or shadows, no text, no logos"
"99","edge","歐羅斯","Eurus","figure","Collectible statue of Eurus, a winged old bearded wind god wrapped in a cloak, blowing the east wind with puffed cheeks, with cloak, grey marble, a low hexagonal plinth of cracked black basalt with a bronze rim, museum-quality sculpture, clean readable silhouette, thick sturdy details, single connected object, no floating particles, no background","Grey marble, palette vermilion #D5664A, charcoal black, ember orange, bronze, hand-painted museum statue finish with a subtle dark wash in the crevices and gentle wear on the edges, crisp painted detail on cloak, no baked lighting or shadows, no text, no logos"
"102","edge","波瑞阿斯","Boreas","figure","Collectible statue of Boreas, a winged bearded north wind god with frosted hair and icicles in his beard, blowing a freezing gale, with conch shell, ice-white marble, a low hexagonal plinth of cracked black basalt with a bronze rim, museum-quality sculpture, clean readable silhouette, thick sturdy details, single connected object, no floating particles, no background","Ice-white marble, palette vermilion #D5664A, charcoal black, ember orange, bronze, hand-painted museum statue finish with a subtle dark wash in the crevices and gentle wear on the edges, crisp painted detail on conch shell, no baked lighting or shadows, no text, no logos"
"104","edge","潘多拉","Pandora","figure","Collectible statue of Pandora, a young woman lifting the lid of a large clay jar as dark spirits escape, one small light left inside, lifting the lid, with large clay jar, terracotta and marble, a low hexagonal plinth of cracked black basalt with a bronze rim, museum-quality sculpture, clean readable silhouette, thick sturdy details, single connected object, no floating particles, no background","Terracotta and marble, palette vermilion #D5664A, charcoal black, ember orange, bronze, hand-painted museum statue finish with a subtle dark wash in the crevices and gentle wear on the edges, crisp painted detail on large clay jar, no baked lighting or shadows, no text, no logos"
"105","edge","潘恩","Pan","figure","Collectible statue of Pan, a goat-legged horned god of the wild with a wild grin, dancing on goat hooves, with pan pipes, dark bronze, a low hexagonal plinth of cracked black basalt with a bronze rim, museum-quality sculpture, clean readable silhouette, thick sturdy details, single connected object, no floating particles, no background","Dark bronze, palette vermilion #D5664A, charcoal black, ember orange, bronze, hand-painted museum statue finish with a subtle dark wash in the crevices and gentle wear on the edges, crisp painted detail on pan pipes, no baked lighting or shadows, no text, no logos"
"106","edge","澤費羅斯","Zephyrus","figure","Collectible statue of Zephyrus, a youthful winged west wind god, scattering flowers on a gentle breeze, with flowers, white marble, a low hexagonal plinth of cracked black basalt with a bronze rim, museum-quality sculpture, clean readable silhouette, thick sturdy details, single connected object, no floating particles, no background","White marble, palette vermilion #D5664A, charcoal black, ember orange, bronze, hand-painted museum statue finish with a subtle dark wash in the crevices and gentle wear on the edges, crisp painted detail on flowers, no baked lighting or shadows, no text, no logos"
"107","edge","特提斯（涅瑞伊得斯）","Thetis (Nereid)","figure","Collectible statue of Thetis, a sea nymph goddess with seaweed in her hair, dipping the baby by the heel into dark water, with the infant Achilles, sea-green marble, a low hexagonal plinth of cracked black basalt with a bronze rim, museum-quality sculpture, clean readable silhouette, thick sturdy details, single connected object, no floating particles, no background","Sea-green marble, palette vermilion #D5664A, charcoal black, ember orange, bronze, hand-painted museum statue finish with a subtle dark wash in the crevices and gentle wear on the edges, crisp painted detail on the infant Achilles, no baked lighting or shadows, no text, no logos"
"108","edge","特里同","Triton","figure","Collectible statue of Triton, a merman with a scaled fish tail, blowing the conch, with conch shell horn, green bronze, a low hexagonal plinth of cracked black basalt with a bronze rim, museum-quality sculpture, clean readable silhouette, thick sturdy details, single connected object, no floating particles, no background","Green bronze, palette vermilion #D5664A, charcoal black, ember orange, bronze, hand-painted museum statue finish with a subtle dark wash in the crevices and gentle wear on the edges, crisp painted detail on conch shell horn, no baked lighting or shadows, no text, no logos"
"110","edge","科俄斯","Coeus","figure","Collectible statue of Coeus, a titan of intellect with a star on his brow, pointing up to the pole star, with celestial axis rod, dark granite, a low hexagonal plinth of cracked black basalt with a bronze rim, museum-quality sculpture, clean readable silhouette, thick sturdy details, single connected object, no floating particles, no background","Dark granite, palette vermilion #D5664A, charcoal black, ember orange, bronze, hand-painted museum statue finish with a subtle dark wash in the crevices and gentle wear on the edges, crisp painted detail on celestial axis rod, no baked lighting or shadows, no text, no logos"
"111","edge","米諾斯（冥府判官）","Minos (Judge)","figure","Collectible statue of Minos, a crowned king-judge of the dead, enthroned, passing sentence, with sceptre, dark marble, a low hexagonal plinth of cracked black basalt with a bronze rim, museum-quality sculpture, clean readable silhouette, thick sturdy details, single connected object, no floating particles, no background","Dark marble, palette vermilion #D5664A, charcoal black, ember orange, bronze, hand-painted museum statue finish with a subtle dark wash in the crevices and gentle wear on the edges, crisp painted detail on sceptre, no baked lighting or shadows, no text, no logos"
"112","edge","萊托","Leto","figure","Collectible statue of Leto, a veiled mother goddess, holding newborn twins close, with twin infants, marble, a low hexagonal plinth of cracked black basalt with a bronze rim, museum-quality sculpture, clean readable silhouette, thick sturdy details, single connected object, no floating particles, no background","Marble, palette vermilion #D5664A, charcoal black, ember orange, bronze, hand-painted museum statue finish with a subtle dark wash in the crevices and gentle wear on the edges, crisp painted detail on twin infants, no baked lighting or shadows, no text, no logos"
"113","edge","許普諾斯（睡神）","Hypnos","figure","Collectible statue of Hypnos, a winged youthful sleep god with small wings on his temples, eyes half closed, drowsily pouring sleep from the horn, with poppies, horn of sleep, pale marble, a low hexagonal plinth of cracked black basalt with a bronze rim, museum-quality sculpture, clean readable silhouette, thick sturdy details, single connected object, no floating particles, no background","Pale marble, palette vermilion #D5664A, charcoal black, ember orange, bronze, hand-painted museum statue finish with a subtle dark wash in the crevices and gentle wear on the edges, crisp painted detail on poppies, horn of sleep, no baked lighting or shadows, no text, no logos"
"114","edge","諾托斯","Notus","figure","Collectible statue of Notus, a winged south wind god, pouring rain from the pitcher, with pitcher pouring rain, grey-blue marble, a low hexagonal plinth of cracked black basalt with a bronze rim, museum-quality sculpture, clean readable silhouette, thick sturdy details, single connected object, no floating particles, no background","Grey-blue marble, palette vermilion #D5664A, charcoal black, ember orange, bronze, hand-painted museum statue finish with a subtle dark wash in the crevices and gentle wear on the edges, crisp painted detail on pitcher pouring rain, no baked lighting or shadows, no text, no logos"
"115","edge","阿斯克勒庇俄斯","Asclepius","figure","Collectible statue of Asclepius, a bearded healer god with a kind face, leaning on the serpent staff, with staff entwined by a single serpent, white marble, a low hexagonal plinth of cracked black basalt with a bronze rim, museum-quality sculpture, clean readable silhouette, thick sturdy details, single connected object, no floating particles, no background","White marble, palette vermilion #D5664A, charcoal black, ember orange, bronze, hand-painted museum statue finish with a subtle dark wash in the crevices and gentle wear on the edges, crisp painted detail on staff entwined by a single serpent, no baked lighting or shadows, no text, no logos"
"260","edge","喀戎","Chiron","figure","Collectible statue of Chiron, a wise, noble centaur teacher, raising a hand to teach, with bow, lyre, scroll, marble and bronze, a low hexagonal plinth of cracked black basalt with a bronze rim, museum-quality sculpture, clean readable silhouette, thick sturdy details, single connected object, no floating particles, no background","Marble and bronze, palette vermilion #D5664A, charcoal black, ember orange, bronze, hand-painted museum statue finish with a subtle dark wash in the crevices and gentle wear on the edges, crisp painted detail on bow, lyre, scroll, no baked lighting or shadows, no text, no logos"
"117","edge","克律涅亞牝鹿","Ceryneian Hind","creature","Collectible statue of Ceryneian Hind, a sacred deer with golden antlers and bronze hooves, leaping, gold and bronze, a low hexagonal plinth of cracked black basalt with a bronze rim, museum-quality sculpture, clean readable silhouette, thick sturdy details, single connected object, no floating particles, no background","Gold and bronze, palette vermilion #D5664A, charcoal black, ember orange, bronze, hand-painted museum statue finish with a subtle dark wash in the crevices and gentle wear on the edges, no baked lighting or shadows, no text, no logos"
"118","edge","奧特魯斯（雙首犬）","Orthrus","creature","Collectible statue of Orthrus, a two-headed dog with a serpent tail, snarling, both heads forward, dark bronze, a low hexagonal plinth of cracked black basalt with a bronze rim, museum-quality sculpture, clean readable silhouette, thick sturdy details, single connected object, no floating particles, no background","Dark bronze, palette vermilion #D5664A, charcoal black, ember orange, bronze, hand-painted museum statue finish with a subtle dark wash in the crevices and gentle wear on the edges, no baked lighting or shadows, no text, no logos"
"259","edge","珀伽索斯","Pegasus","creature","Collectible statue of Pegasus, a pure white winged horse with a noble head, rearing with wings raised, with spring welling at its hoof, white marble, a low hexagonal plinth of cracked black basalt with a bronze rim, museum-quality sculpture, clean readable silhouette, thick sturdy details, single connected object, no floating particles, no background","White marble, palette vermilion #D5664A, charcoal black, ember orange, bronze, hand-painted museum statue finish with a subtle dark wash in the crevices and gentle wear on the edges, crisp painted detail on spring welling at its hoof, no baked lighting or shadows, no text, no logos"
"32","edge","塞壬","Sirens","group","Collectible statue group of Sirens, three bird-women with the heads of beautiful women and the bodies and wings of birds, perched on a sea rock, singing, with lyre, double pipes, painted terracotta, a low hexagonal plinth of cracked black basalt with a bronze rim, museum-quality sculpture, clean readable silhouette, thick sturdy details, single connected object, no floating particles, no background","Painted terracotta, palette vermilion #D5664A, charcoal black, ember orange, bronze, hand-painted museum statue finish with a subtle dark wash in the crevices and gentle wear on the edges, crisp painted detail on lyre, double pipes, no baked lighting or shadows, no text, no logos"
"128","folk","關帝（關公）","Guan Di (Guan Yu)","figure","Collectible statue of Guan Di, a tall red-faced general with a long black beard to his chest, green robe over armour, fierce phoenix eyes, standing with the blade planted, stroking his beard, with green dragon crescent blade, the Spring and Autumn Annals, painted wood with deep red face, green lacquer and gold leaf, a low hexagonal red-lacquer altar plinth with gold trim, museum-quality sculpture, clean readable silhouette, thick sturdy details, single connected object, no floating particles, no background","Painted wood with deep red face, green lacquer and gold leaf, palette amber #F2BD5C, temple red, gold leaf, soot-dark wood, hand-painted museum statue finish with a subtle dark wash in the crevices and gentle wear on the edges, crisp painted detail on green dragon crescent blade, the Spring and Autumn Annals, no baked lighting or shadows, no text, no logos"
"131","folk","城隍","Cheng Huang (City God)","figure","Collectible statue of Cheng Huang, a stern magistrate of the underworld in an official's winged hat and red court robe, seated at a judgment desk, with abacus, ledger of merits, official seal, painted wood with red lacquer and gold leaf, a low hexagonal red-lacquer altar plinth with gold trim, museum-quality sculpture, clean readable silhouette, thick sturdy details, single connected object, no floating particles, no background","Painted wood with red lacquer and gold leaf, palette amber #F2BD5C, temple red, gold leaf, soot-dark wood, hand-painted museum statue finish with a subtle dark wash in the crevices and gentle wear on the edges, crisp painted detail on abacus, ledger of merits, official seal, no baked lighting or shadows, no text, no logos"
"124","folk","觀音（港式信仰）","Guanyin (HK folk)","figure","Collectible statue of Guanyin, a compassionate bodhisattva in flowing white robes and a white hood, eyes half closed, a gentle smile, standing on a lotus, pouring from the vase, with willow branch, vase of pure water, lotus, white porcelain with gold trim, a low hexagonal red-lacquer altar plinth with gold trim, museum-quality sculpture, clean readable silhouette, thick sturdy details, single connected object, no floating particles, no background","White porcelain with gold trim, palette amber #F2BD5C, temple red, gold leaf, soot-dark wood, hand-painted museum statue finish with a subtle dark wash in the crevices and gentle wear on the edges, crisp painted detail on willow branch, vase of pure water, lotus, no baked lighting or shadows, no text, no logos"
"119","folk","北帝（玄天上帝）","Pak Tai","figure","Collectible statue of Pak Tai, a martial Taoist god with long loose hair and a black-and-gold armoured robe, bare feet planted on a turtle and a snake, standing firm, sword raised over the turtle and snake, with seven-star sword, black flag, painted wood with black lacquer and gold leaf, a low hexagonal red-lacquer altar plinth with gold trim, museum-quality sculpture, clean readable silhouette, thick sturdy details, single connected object, no floating particles, no background","Painted wood with black lacquer and gold leaf, palette amber #F2BD5C, temple red, gold leaf, soot-dark wood, hand-painted museum statue finish with a subtle dark wash in the crevices and gentle wear on the edges, crisp painted detail on seven-star sword, black flag, no baked lighting or shadows, no text, no logos"
"121","folk","天后（媽祖）","Tin Hau (Mazu)","figure","Collectible statue of Tin Hau, a serene sea goddess in an embroidered red-and-gold imperial robe and a beaded mian crown with hanging tassels, standing calmly on a boat's prow as the waves settle, with jade tablet (hu), stylised waves at her feet, painted wood with red lacquer and gold leaf, a low hexagonal red-lacquer altar plinth with gold trim, museum-quality sculpture, clean readable silhouette, thick sturdy details, single connected object, no floating particles, no background","Painted wood with red lacquer and gold leaf, palette amber #F2BD5C, temple red, gold leaf, soot-dark wood, hand-painted museum statue finish with a subtle dark wash in the crevices and gentle wear on the edges, crisp painted detail on jade tablet (hu), stylised waves at her feet, no baked lighting or shadows, no text, no logos"
"125","folk","東海龍王","Dragon King (East Sea)","figure","Collectible statue of Dragon King, a dragon-headed sea king in imperial robes with a pearl-studded crown, long whiskers and scaled hands, enthroned among waves and clouds, with tablet of office, flaming pearl, painted wood with teal lacquer and gold leaf, a low hexagonal red-lacquer altar plinth with gold trim, museum-quality sculpture, clean readable silhouette, thick sturdy details, single connected object, no floating particles, no background","Painted wood with teal lacquer and gold leaf, palette amber #F2BD5C, temple red, gold leaf, soot-dark wood, hand-painted museum statue finish with a subtle dark wash in the crevices and gentle wear on the edges, crisp painted detail on tablet of office, flaming pearl, no baked lighting or shadows, no text, no logos"
"133","folk","洪聖（南海神）","Hung Shing","figure","Collectible statue of Hung Shing, a benevolent sea god in an official's robe with a red face and wide beard, watching the weather, standing and gazing out to sea, with tablet of office, compass, weather banner, painted wood with red and gold lacquer, a low hexagonal red-lacquer altar plinth with gold trim, museum-quality sculpture, clean readable silhouette, thick sturdy details, single connected object, no floating particles, no background","Painted wood with red and gold lacquer, palette amber #F2BD5C, temple red, gold leaf, soot-dark wood, hand-painted museum statue finish with a subtle dark wash in the crevices and gentle wear on the edges, crisp painted detail on tablet of office, compass, weather banner, no baked lighting or shadows, no text, no logos"
"135","folk","譚公","Tam Kung","figure","Collectible statue of Tam Kung, a boy god with a young face and wise eyes in a small crown, a hand raised to test the wind, raising his hand to sprinkle rain, with handful of water, small dragon at his feet, painted wood with gold leaf, a low hexagonal red-lacquer altar plinth with gold trim, museum-quality sculpture, clean readable silhouette, thick sturdy details, single connected object, no floating particles, no background","Painted wood with gold leaf, palette amber #F2BD5C, temple red, gold leaf, soot-dark wood, hand-painted museum statue finish with a subtle dark wash in the crevices and gentle wear on the edges, crisp painted detail on handful of water, small dragon at his feet, no baked lighting or shadows, no text, no logos"
"140","folk","文武廟神群","Man Mo Temple deities","group","Collectible statue group of Man Mo Temple deities, two temple gods side by side: the red-robed God of Literature with a writing brush, and the green-robed God of War with a crescent blade, enthroned side by side under hanging incense coils, with writing brush, crescent blade, giant hanging incense coils, painted wood with red, green and gold, a low hexagonal red-lacquer altar plinth with gold trim, museum-quality sculpture, clean readable silhouette, thick sturdy details, single connected object, no floating particles, no background","Painted wood with red, green and gold, palette amber #F2BD5C, temple red, gold leaf, soot-dark wood, hand-painted museum statue finish with a subtle dark wash in the crevices and gentle wear on the edges, crisp painted detail on writing brush, crescent blade, giant hanging incense coils, no baked lighting or shadows, no text, no logos"
"130","folk","黃大仙（靈驗公）","Wong Tai Sin","figure","Collectible statue of Wong Tai Sin, a kindly Taoist immortal in a simple robe and scholar's cap with a long white beard, seated serenely on clouds, with fly-whisk, gourd, bamboo fortune sticks, painted wood with gold leaf, a low hexagonal red-lacquer altar plinth with gold trim, museum-quality sculpture, clean readable silhouette, thick sturdy details, single connected object, no floating particles, no background","Painted wood with gold leaf, palette amber #F2BD5C, temple red, gold leaf, soot-dark wood, hand-painted museum statue finish with a subtle dark wash in the crevices and gentle wear on the edges, crisp painted detail on fly-whisk, gourd, bamboo fortune sticks, no baked lighting or shadows, no text, no logos"
"166","folk","井神","Well spirit","object","Collectible sculpture of Well spirit, an old stone village well with a small red shrine tablet fixed to its rim, a faint watery figure in the reflection, the water surface shimmering, with wooden bucket, joss sticks, red paper charm, weathered granite and red lacquer, a low hexagonal red-lacquer altar plinth with gold trim, museum-quality sculpture, clean readable silhouette, thick sturdy details, single connected object, no floating particles, no background","Weathered granite and red lacquer, palette amber #F2BD5C, temple red, gold leaf, soot-dark wood, hand-painted museum statue finish with a subtle dark wash in the crevices and gentle wear on the edges, crisp painted detail on wooden bucket, joss sticks, red paper charm, no baked lighting or shadows, no text, no logos"
"167","folk","地方路神（港）","Roadside shrine (HK)","object","Collectible sculpture of Roadside shrine, a small red roadside shrine box set against a wall, filled with incense, a tiny earth-god figure inside, smoke curling out of the box, with incense sticks, oranges, paper offerings, red-painted tin and aged wood, a low hexagonal red-lacquer altar plinth with gold trim, museum-quality sculpture, clean readable silhouette, thick sturdy details, single connected object, no floating particles, no background","Red-painted tin and aged wood, palette amber #F2BD5C, temple red, gold leaf, soot-dark wood, hand-painted museum statue finish with a subtle dark wash in the crevices and gentle wear on the edges, crisp painted detail on incense sticks, oranges, paper offerings, no baked lighting or shadows, no text, no logos"
"168","folk","大黑狗（港）","Black dog (HK warning)","creature","Collectible statue of Black dog, a huge black dog with glowing eyes, its outline blurred like smoke, standing in the middle of a dark village lane, head low, matte black resin with amber eyes, a low hexagonal red-lacquer altar plinth with gold trim, museum-quality sculpture, clean readable silhouette, thick sturdy details, single connected object, no floating particles, no background","Matte black resin with amber eyes, palette amber #F2BD5C, temple red, gold leaf, soot-dark wood, hand-painted museum statue finish with a subtle dark wash in the crevices and gentle wear on the edges, no baked lighting or shadows, no text, no logos"
"171","folk","山精（港）","Hill spirit (HK)","figure","Collectible statue of Hill spirit, a small mossy mountain spirit with a face of bark and stone, hair of ferns, peeking between boulders, hiding behind a boulder, one hand beckoning, with trail sign, fern, mossy stone and bark, a low hexagonal red-lacquer altar plinth with gold trim, museum-quality sculpture, clean readable silhouette, thick sturdy details, single connected object, no floating particles, no background","Mossy stone and bark, palette amber #F2BD5C, temple red, gold leaf, soot-dark wood, hand-painted museum statue finish with a subtle dark wash in the crevices and gentle wear on the edges, crisp painted detail on trail sign, fern, no baked lighting or shadows, no text, no logos"
"172","folk","山隘守","Pass guardian","object","Collectible sculpture of Pass guardian, a carved stone boundary post at a mountain pass, a guardian face cut into the stone, red cloth tied around it, standing at the edge of a steep pass, with red cloth, incense, rope, lichen-covered granite, a low hexagonal red-lacquer altar plinth with gold trim, museum-quality sculpture, clean readable silhouette, thick sturdy details, single connected object, no floating particles, no background","Lichen-covered granite, palette amber #F2BD5C, temple red, gold leaf, soot-dark wood, hand-painted museum statue finish with a subtle dark wash in the crevices and gentle wear on the edges, crisp painted detail on red cloth, incense, rope, no baked lighting or shadows, no text, no logos"
"178","folk","殭屍（香港影視形象）","Jiangshi (HK cinema)","figure","Collectible statue of Jiangshi, a Qing-dynasty hopping corpse in a mandarin robe and official's hat, stiff arms held straight out, a yellow paper talisman on its forehead, hopping forward with arms outstretched, with yellow talisman, peach-wood sword stuck in the ground, painted resin with faded robe colours, a low hexagonal red-lacquer altar plinth with gold trim, museum-quality sculpture, clean readable silhouette, thick sturdy details, single connected object, no floating particles, no background","Painted resin with faded robe colours, palette amber #F2BD5C, temple red, gold leaf, soot-dark wood, hand-painted museum statue finish with a subtle dark wash in the crevices and gentle wear on the edges, crisp painted detail on yellow talisman, peach-wood sword stuck in the ground, no baked lighting or shadows, no text, no logos"
"180","folk","港式小廟地靈","Local shrine spirit (HK)","object","Collectible sculpture of Local shrine spirit, a tiny street-corner shrine with a stone tablet, red candles and a tangerine tree, candles lit, smoke rising, with red candles, stone tablet, offerings, red lacquer and stone, a low hexagonal red-lacquer altar plinth with gold trim, museum-quality sculpture, clean readable silhouette, thick sturdy details, single connected object, no floating particles, no background","Red lacquer and stone, palette amber #F2BD5C, temple red, gold leaf, soot-dark wood, hand-painted museum statue finish with a subtle dark wash in the crevices and gentle wear on the edges, crisp painted detail on red candles, stone tablet, offerings, no baked lighting or shadows, no text, no logos"
"182","folk","狐仙（港式傳入）","Fox Spirit (Canton lore)","creature","Collectible statue of Fox Spirit, a nine-tailed fox spirit, half fox and half beautiful woman, each tail curling like smoke, half-turned, looking back over her shoulder, with fox tails, red lantern, white porcelain with red glaze, a low hexagonal red-lacquer altar plinth with gold trim, museum-quality sculpture, clean readable silhouette, thick sturdy details, single connected object, no floating particles, no background","White porcelain with red glaze, palette amber #F2BD5C, temple red, gold leaf, soot-dark wood, hand-painted museum statue finish with a subtle dark wash in the crevices and gentle wear on the edges, crisp painted detail on fox tails, red lantern, no baked lighting or shadows, no text, no logos"
"184","folk","社稷土公壇","Earth Altar tutelary","object","Collectible sculpture of Earth Altar tutelary, a village earth altar: a stack of stones with a stone tablet, offerings laid in front, standing under a banyan tree, with stone tablet, rice bowls, incense, weathered stone and red paper, a low hexagonal red-lacquer altar plinth with gold trim, museum-quality sculpture, clean readable silhouette, thick sturdy details, single connected object, no floating particles, no background","Weathered stone and red paper, palette amber #F2BD5C, temple red, gold leaf, soot-dark wood, hand-painted museum statue finish with a subtle dark wash in the crevices and gentle wear on the edges, crisp painted detail on stone tablet, rice bowls, incense, no baked lighting or shadows, no text, no logos"
"187","folk","街坊守護靈（港）","Neighborhood tutelary","figure","Collectible statue of Neighborhood tutelary, a small kindly neighbourhood guardian in plain clothes with a round face, a lantern in hand, standing in a narrow alley doorway, with paper lantern, bunch of keys, painted wood, a low hexagonal red-lacquer altar plinth with gold trim, museum-quality sculpture, clean readable silhouette, thick sturdy details, single connected object, no floating particles, no background","Painted wood, palette amber #F2BD5C, temple red, gold leaf, soot-dark wood, hand-painted museum statue finish with a subtle dark wash in the crevices and gentle wear on the edges, crisp painted detail on paper lantern, bunch of keys, no baked lighting or shadows, no text, no logos"
"188","folk","路神（土地爺變體）","Roadside Earth God","figure","Collectible statue of Roadside Earth God, a small earth-god figure with a white beard in a roadside shrine, smiling, seated in a roadside niche, with walking staff, gold ingot, painted wood with gold leaf, a low hexagonal red-lacquer altar plinth with gold trim, museum-quality sculpture, clean readable silhouette, thick sturdy details, single connected object, no floating particles, no background","Painted wood with gold leaf, palette amber #F2BD5C, temple red, gold leaf, soot-dark wood, hand-painted museum statue finish with a subtle dark wash in the crevices and gentle wear on the edges, crisp painted detail on walking staff, gold ingot, no baked lighting or shadows, no text, no logos"
"190","folk","送瘟儀式像","Plague expulsion effigy","object","Collectible sculpture of Plague expulsion effigy, a large paper-and-bamboo effigy of the plague god sitting in a paper boat, ready to be carried to the sea, sitting in the boat as if about to sail, with paper boat, flags, paper money, painted paper and bamboo, a low hexagonal red-lacquer altar plinth with gold trim, museum-quality sculpture, clean readable silhouette, thick sturdy details, single connected object, no floating particles, no background","Painted paper and bamboo, palette amber #F2BD5C, temple red, gold leaf, soot-dark wood, hand-painted museum statue finish with a subtle dark wash in the crevices and gentle wear on the edges, crisp painted detail on paper boat, flags, paper money, no baked lighting or shadows, no text, no logos"
"191","folk","門神（秦瓊／尉遲恭）","Door Gods","group","Collectible statue group of Door Gods, two fierce door-guardian generals in full armour, one pale-faced and one dark-faced, facing each other, standing guard on either side of a red door, with iron maces, halberd, painted wood with vivid armour colours, a low hexagonal red-lacquer altar plinth with gold trim, museum-quality sculpture, clean readable silhouette, thick sturdy details, single connected object, no floating particles, no background","Painted wood with vivid armour colours, palette amber #F2BD5C, temple red, gold leaf, soot-dark wood, hand-painted museum statue finish with a subtle dark wash in the crevices and gentle wear on the edges, crisp painted detail on iron maces, halberd, no baked lighting or shadows, no text, no logos"
"189","folk","車公","Che Kung","figure","Collectible statue of Che Kung, a heroic Song-dynasty general in full armour and helmet, standing tall beside a large windmill, with fortune windmill with four vanes, sword, painted wood with gold leaf and bright armour, a low hexagonal red-lacquer altar plinth with gold trim, museum-quality sculpture, clean readable silhouette, thick sturdy details, single connected object, no floating particles, no background","Painted wood with gold leaf and bright armour, palette amber #F2BD5C, temple red, gold leaf, soot-dark wood, hand-painted museum statue finish with a subtle dark wash in the crevices and gentle wear on the edges, crisp painted detail on fortune windmill with four vanes, sword, no baked lighting or shadows, no text, no logos"
"193","folk","灶君","Kitchen God (Zao Jun)","figure","Collectible statue of Kitchen God, a small kindly kitchen god in an official's robe and hat, seated in a paper shrine above a stove, with ledger of the year's deeds, sticky malt candy, painted wood with gold leaf, a low hexagonal red-lacquer altar plinth with gold trim, museum-quality sculpture, clean readable silhouette, thick sturdy details, single connected object, no floating particles, no background","Painted wood with gold leaf, palette amber #F2BD5C, temple red, gold leaf, soot-dark wood, hand-painted museum statue finish with a subtle dark wash in the crevices and gentle wear on the edges, crisp painted detail on ledger of the year's deeds, sticky malt candy, no baked lighting or shadows, no text, no logos"
"252","folk","福祿壽三星","Fu Lu Shou","group","Collectible statue group of Fu Lu Shou, the three star gods side by side: Fu in scholar's robes holding a child, Lu in an official's hat holding a sceptre, Shou the old man with a huge domed forehead holding a peach, standing together in a row, with child, ruyi sceptre, peach of longevity, crane, glazed porcelain in bright colours, a low hexagonal red-lacquer altar plinth with gold trim, museum-quality sculpture, clean readable silhouette, thick sturdy details, single connected object, no floating particles, no background","Glazed porcelain in bright colours, palette amber #F2BD5C, temple red, gold leaf, soot-dark wood, hand-painted museum statue finish with a subtle dark wash in the crevices and gentle wear on the edges, crisp painted detail on child, ruyi sceptre, peach of longevity, crane, no baked lighting or shadows, no text, no logos"
"139","folk","土地公（福德正神）","Tudi Gong (Fude Zhengshen)","figure","Collectible statue of Tudi Gong, a smiling old earth god with a long white beard and a round belly in a red official's robe, seated in a tiny roadside shrine, with gold ingot, walking staff, painted wood with red lacquer and gold leaf, a low hexagonal red-lacquer altar plinth with gold trim, museum-quality sculpture, clean readable silhouette, thick sturdy details, single connected object, no floating particles, no background","Painted wood with red lacquer and gold leaf, palette amber #F2BD5C, temple red, gold leaf, soot-dark wood, hand-painted museum statue finish with a subtle dark wash in the crevices and gentle wear on the edges, crisp painted detail on gold ingot, walking staff, no baked lighting or shadows, no text, no logos"
"233","kin","大士王（盂蘭鬼王）","King of Ghosts effigy","figure","Collectible statue of King of Ghosts effigy, a giant paper effigy of the Ghost King with a fierce blue face, horns and bulging eyes, a small image of Guanyin sitting on top of his head, seated on a festival stage, with flags, paper armour, Guanyin on his head, painted paper, bamboo and gold foil, a low hexagonal wooden altar base with a brass trim, museum-quality sculpture, clean readable silhouette, thick sturdy details, single connected object, no floating particles, no background","Painted paper, bamboo and gold foil, palette clay-tangerine #D58C6E, sandalwood brown, faded photograph tones, hand-painted museum statue finish with a subtle dark wash in the crevices and gentle wear on the edges, crisp painted detail on flags, paper armour, Guanyin on his head, no baked lighting or shadows, no text, no logos"
"185","kin","祖先煞（反常）","Ancestral wrath (aberrant)","figure","Collectible statue of Ancestral wrath, a troubled elderly ancestor figure in old-fashioned clothes, frowning, standing behind a cracked spirit tablet, standing with arms crossed in disapproval, with cracked spirit tablet, overturned tea cup, dark wood, a low hexagonal wooden altar base with a brass trim, museum-quality sculpture, clean readable silhouette, thick sturdy details, single connected object, no floating particles, no background","Dark wood, palette clay-tangerine #D58C6E, sandalwood brown, faded photograph tones, hand-painted museum statue finish with a subtle dark wash in the crevices and gentle wear on the edges, crisp painted detail on cracked spirit tablet, overturned tea cup, no baked lighting or shadows, no text, no logos"
"170","kin","家廟祖靈","Clan Ancestral Spirit","object","Collectible sculpture of Clan Ancestral Spirit, a clan hall altar with tiers of wooden ancestor tablets and a faint gathering of elderly figures in old clothes behind them, tablets rising in tiers, with ancestor tablets, candles, carved wooden screens, dark carved wood with red and gold, a low hexagonal wooden altar base with a brass trim, museum-quality sculpture, clean readable silhouette, thick sturdy details, single connected object, no floating particles, no background","Dark carved wood with red and gold, palette clay-tangerine #D58C6E, sandalwood brown, faded photograph tones, hand-painted museum statue finish with a subtle dark wash in the crevices and gentle wear on the edges, crisp painted detail on ancestor tablets, candles, carved wooden screens, no baked lighting or shadows, no text, no logos"
"186","kin","祖先靈（香港）","Ancestral spirits (HK)","group","Collectible statue group of Ancestral spirits, an elderly grandfather and grandmother in old Hong Kong clothes, standing side by side, calm and warm, standing together, the grandmother's hand on the grandfather's arm, with family photographs, spirit tablet, warm carved sandalwood, a low hexagonal wooden altar base with a brass trim, museum-quality sculpture, clean readable silhouette, thick sturdy details, single connected object, no floating particles, no background","Warm carved sandalwood, palette clay-tangerine #D58C6E, sandalwood brown, faded photograph tones, hand-painted museum statue finish with a subtle dark wash in the crevices and gentle wear on the edges, crisp painted detail on family photographs, spirit tablet, no baked lighting or shadows, no text, no logos"
"142","kin","祖先壇（港）","Ancestral Altar (HK)","object","Collectible sculpture of Ancestral Altar, a home ancestral altar cabinet in red and gold holding carved wooden spirit tablets, lamp lit on the altar, with spirit tablets, oil lamp, oranges, three cups of tea, incense, red lacquer and gold leaf, a low hexagonal wooden altar base with a brass trim, museum-quality sculpture, clean readable silhouette, thick sturdy details, single connected object, no floating particles, no background","Red lacquer and gold leaf, palette clay-tangerine #D58C6E, sandalwood brown, faded photograph tones, hand-painted museum statue finish with a subtle dark wash in the crevices and gentle wear on the edges, crisp painted detail on spirit tablets, oil lamp, oranges, three cups of tea, incense, no baked lighting or shadows, no text, no logos"
"242","kin","游魂野鬼（港）","Wandering ghost (HK)","figure","Collectible statue of Wandering ghost, a thin, pale wandering ghost in faded clothes, hungry and lonely, standing at a roadside offering spot, with paper money, a small bowl of rice, translucent frosted resin, a low hexagonal wooden altar base with a brass trim, museum-quality sculpture, clean readable silhouette, thick sturdy details, single connected object, no floating particles, no background","Translucent frosted resin, palette clay-tangerine #D58C6E, sandalwood brown, faded photograph tones, hand-painted museum statue finish with a subtle dark wash in the crevices and gentle wear on the edges, crisp painted detail on paper money, a small bowl of rice, no baked lighting or shadows, no text, no logos"
"253","kin","夢訪靈","Dream Visitor","figure","Collectible statue of Dream Visitor, a soft, glowing figure of someone loved and lost, sitting at the edge of a bed, one hand resting on the blanket, sitting and leaning slightly forward as if about to speak, warm translucent amber resin, a low hexagonal wooden altar base with a brass trim, museum-quality sculpture, clean readable silhouette, thick sturdy details, single connected object, no floating particles, no background","Warm translucent amber resin, palette clay-tangerine #D58C6E, sandalwood brown, faded photograph tones, hand-painted museum statue finish with a subtle dark wash in the crevices and gentle wear on the edges, no baked lighting or shadows, no text, no logos"
"169","threshold","女巫安息日","Witches’ Sabbath","group","Collectible statue group of Witches’ Sabbath, a ring of hooded figures dancing around a bonfire at midnight in a forest clearing, a horned shadow above them, dancing in a circle, with bonfire, broomsticks, cauldron, dark carved wood and ember glow, a low hexagonal plinth of wet dark stone, museum-quality sculpture, clean readable silhouette, thick sturdy details, single connected object, no floating particles, no background","Dark carved wood and ember glow, palette teal #6FB0A4, sodium orange accent, deep blue-black, hand-painted museum statue finish with a subtle dark wash in the crevices and gentle wear on the edges, crisp painted detail on bonfire, broomsticks, cauldron, no baked lighting or shadows, no text, no logos"
"173","threshold","惡靈附體（一般）","Possessing spirit (general)","figure","Collectible statue of Possessing spirit, a person bent backward in an unnatural arch, a second shadowy figure pulling out of their body, caught mid-struggle, with torn talisman, rosary, grey resin with a black shadow, a low hexagonal plinth of wet dark stone, museum-quality sculpture, clean readable silhouette, thick sturdy details, single connected object, no floating particles, no background","Grey resin with a black shadow, palette teal #6FB0A4, sodium orange accent, deep blue-black, hand-painted museum statue finish with a subtle dark wash in the crevices and gentle wear on the edges, crisp painted detail on torn talisman, rosary, no baked lighting or shadows, no text, no logos"
"174","threshold","拉米亞（變體）","Lamia (variant)","creature","Collectible statue of Lamia, a pale serpent-bodied woman with hollow eyes, a child's shoe in her hand, slithering out of a doorway, with child's shoe, pale scales, a low hexagonal plinth of wet dark stone, museum-quality sculpture, clean readable silhouette, thick sturdy details, single connected object, no floating particles, no background","Pale scales, palette teal #6FB0A4, sodium orange accent, deep blue-black, hand-painted museum statue finish with a subtle dark wash in the crevices and gentle wear on the edges, crisp painted detail on child's shoe, no baked lighting or shadows, no text, no logos"
"175","threshold","教堂格林","Church Grim","creature","Collectible statue of Church Grim, a huge black dog with glowing eyes standing guard in a churchyard, standing on a grave, with church gate, gravestones, black stone with glowing eyes, a low hexagonal plinth of wet dark stone, museum-quality sculpture, clean readable silhouette, thick sturdy details, single connected object, no floating particles, no background","Black stone with glowing eyes, palette teal #6FB0A4, sodium orange accent, deep blue-black, hand-painted museum statue finish with a subtle dark wash in the crevices and gentle wear on the edges, crisp painted detail on church gate, gravestones, no baked lighting or shadows, no text, no logos"
"176","threshold","普卡","Púca/Pooka","creature","Collectible statue of Púca/Pooka, a shapeshifting black horse with golden eyes and a long wild mane, grinning, galloping with a terrified rider clinging to its neck, black lacquer with gold eyes, a low hexagonal plinth of wet dark stone, museum-quality sculpture, clean readable silhouette, thick sturdy details, single connected object, no floating particles, no background","Black lacquer with gold eyes, palette teal #6FB0A4, sodium orange accent, deep blue-black, hand-painted museum statue finish with a subtle dark wash in the crevices and gentle wear on the edges, no baked lighting or shadows, no text, no logos"
"177","threshold","樹精／森林女魅","Huldra","figure","Collectible statue of Huldra, a beautiful forest woman with long blonde hair and a hollow back like a rotten tree trunk, a cow's tail showing under her dress, turning away into the trees, revealing her hollow back, birch wood and moss, a low hexagonal plinth of wet dark stone, museum-quality sculpture, clean readable silhouette, thick sturdy details, single connected object, no floating particles, no background","Birch wood and moss, palette teal #6FB0A4, sodium orange accent, deep blue-black, hand-painted museum statue finish with a subtle dark wash in the crevices and gentle wear on the edges, no baked lighting or shadows, no text, no logos"
"179","threshold","海怪（歐洲母題）","Sea Monster (EU folklore)","creature","Collectible statue of Sea Monster, a colossal sea serpent with tentacles rising around a small sailing ship, coils rising from the sea, with small ship, dark green scales, a low hexagonal plinth of wet dark stone, museum-quality sculpture, clean readable silhouette, thick sturdy details, single connected object, no floating particles, no background","Dark green scales, palette teal #6FB0A4, sodium orange accent, deep blue-black, hand-painted museum statue finish with a subtle dark wash in the crevices and gentle wear on the edges, crisp painted detail on small ship, no baked lighting or shadows, no text, no logos"
"181","threshold","湖女妖（尼克絲/內克）","Nixie/Neck","figure","Collectible statue of Nixie/Neck, a water spirit, half man half horse, sitting in the reeds playing a violin, dripping wet, playing on a rock at the water's edge, with violin, reeds, wet dark bronze, a low hexagonal plinth of wet dark stone, museum-quality sculpture, clean readable silhouette, thick sturdy details, single connected object, no floating particles, no background","Wet dark bronze, palette teal #6FB0A4, sodium orange accent, deep blue-black, hand-painted museum statue finish with a subtle dark wash in the crevices and gentle wear on the edges, crisp painted detail on violin, reeds, no baked lighting or shadows, no text, no logos"
"183","threshold","狼人（歐陸）","Werewolf","creature","Collectible statue of Werewolf, a snarling half-man half-wolf standing upright under a full moon, torn clothes, howling with head thrown back, with full moon, torn shirt, dark fur and silver highlights, a low hexagonal plinth of wet dark stone, museum-quality sculpture, clean readable silhouette, thick sturdy details, single connected object, no floating particles, no background","Dark fur and silver highlights, palette teal #6FB0A4, sodium orange accent, deep blue-black, hand-painted museum statue finish with a subtle dark wash in the crevices and gentle wear on the edges, crisp painted detail on full moon, torn shirt, no baked lighting or shadows, no text, no logos"
"192","threshold","黑狗／巴格斯特","Black Dog / Barghest","creature","Collectible statue of Black Dog / Barghest, an enormous shaggy black hound with saucer-sized red eyes and chains trailing from its neck, padding along a moor path, with chains, black fur and red eyes, a low hexagonal plinth of wet dark stone, museum-quality sculpture, clean readable silhouette, thick sturdy details, single connected object, no floating particles, no background","Black fur and red eyes, palette teal #6FB0A4, sodium orange accent, deep blue-black, hand-painted museum statue finish with a subtle dark wash in the crevices and gentle wear on the edges, crisp painted detail on chains, no baked lighting or shadows, no text, no logos"
"194","threshold","努克拉維","Nuckelavee","creature","Collectible statue of Nuckelavee, a skinless horse-man from the sea, a human torso fused onto a horse's back, one huge red eye, exposed veins, striding out of the surf, raw red flesh with black veins, a low hexagonal plinth of wet dark stone, museum-quality sculpture, clean readable silhouette, thick sturdy details, single connected object, no floating particles, no background","Raw red flesh with black veins, palette teal #6FB0A4, sodium orange accent, deep blue-black, hand-painted museum statue finish with a subtle dark wash in the crevices and gentle wear on the edges, no baked lighting or shadows, no text, no logos"
"195","threshold","凱爾派","Kelpie","creature","Collectible statue of Kelpie, a beautiful black water horse with a dripping mane of water weeds, its hide sticky, standing at the edge of a loch, inviting a rider, with water weeds, bridle, wet black glass, a low hexagonal plinth of wet dark stone, museum-quality sculpture, clean readable silhouette, thick sturdy details, single connected object, no floating particles, no background","Wet black glass, palette teal #6FB0A4, sodium orange accent, deep blue-black, hand-painted museum statue finish with a subtle dark wash in the crevices and gentle wear on the edges, crisp painted detail on water weeds, bridle, no baked lighting or shadows, no text, no logos"
"202","threshold","騷靈","Poltergeist","phenomenon","Sculptural diorama of Poltergeist, a quiet kitchen where plates, chairs and books float in mid-air as if thrown by an unseen hand, objects frozen mid-flight, with plates, chairs, books, white porcelain objects, a low hexagonal plinth of wet dark stone, museum-quality sculpture, clean readable silhouette, thick sturdy details, single connected object, no floating particles, no background","White porcelain objects, palette teal #6FB0A4, sodium orange accent, deep blue-black, hand-painted museum statue finish with a subtle dark wash in the crevices and gentle wear on the edges, crisp painted detail on plates, chairs, books, no baked lighting or shadows, no text, no logos"
"196","threshold","克拉姆普斯","Krampus","creature","Collectible statue of Krampus, a hairy goat-horned Alpine beast with a long red tongue and cloven hooves, striding forward, rattling the chains, with birch switch, chains, basket on his back, dark fur and carved wood, a low hexagonal plinth of wet dark stone, museum-quality sculpture, clean readable silhouette, thick sturdy details, single connected object, no floating particles, no background","Dark fur and carved wood, palette teal #6FB0A4, sodium orange accent, deep blue-black, hand-painted museum statue finish with a subtle dark wash in the crevices and gentle wear on the edges, crisp painted detail on birch switch, chains, basket on his back, no baked lighting or shadows, no text, no logos"
"197","threshold","博吉曼（母題）","Bogeyman archetype","figure","Collectible statue of Bogeyman archetype, a tall faceless figure in a long coat and hat hiding under a child's bed, reaching out from the shadow under the bed, with sack, matte black resin, a low hexagonal plinth of wet dark stone, museum-quality sculpture, clean readable silhouette, thick sturdy details, single connected object, no floating particles, no background","Matte black resin, palette teal #6FB0A4, sodium orange accent, deep blue-black, hand-painted museum statue finish with a subtle dark wash in the crevices and gentle wear on the edges, crisp painted detail on sack, no baked lighting or shadows, no text, no logos"
"198","threshold","教堂鐘靈","Bell-ringing omen","object","Collectible sculpture of Bell-ringing omen, an old church bell tower with a bell swinging on its own at midnight, the bell mid-swing, with bronze bell, rope, weathered bronze and stone, a low hexagonal plinth of wet dark stone, museum-quality sculpture, clean readable silhouette, thick sturdy details, single connected object, no floating particles, no background","Weathered bronze and stone, palette teal #6FB0A4, sodium orange accent, deep blue-black, hand-painted museum statue finish with a subtle dark wash in the crevices and gentle wear on the edges, crisp painted detail on bronze bell, rope, no baked lighting or shadows, no text, no logos"
"199","threshold","科麗康","Kallikantzaros","creature","Collectible statue of Kallikantzaros, small scrawny goblins with long tongues and hooves, sawing at a great tree trunk, sawing at the tree, with saws, the World Tree, dark wood, a low hexagonal plinth of wet dark stone, museum-quality sculpture, clean readable silhouette, thick sturdy details, single connected object, no floating particles, no background","Dark wood, palette teal #6FB0A4, sodium orange accent, deep blue-black, hand-painted museum statue finish with a subtle dark wash in the crevices and gentle wear on the edges, crisp painted detail on saws, the World Tree, no baked lighting or shadows, no text, no logos"
"200","threshold","紅帽妖","Redcap","figure","Collectible statue of Redcap, a squat old goblin with long talons and iron boots, wearing a cap dyed red with blood, crouched in a ruined castle doorway, with pikestaff, red cap, gnarled wood and rusted iron, a low hexagonal plinth of wet dark stone, museum-quality sculpture, clean readable silhouette, thick sturdy details, single connected object, no floating particles, no background","Gnarled wood and rusted iron, palette teal #6FB0A4, sodium orange accent, deep blue-black, hand-painted museum statue finish with a subtle dark wash in the crevices and gentle wear on the edges, crisp painted detail on pikestaff, red cap, no baked lighting or shadows, no text, no logos"
"201","threshold","亡靈大遊行","Wild Hunt","group","Collectible statue group of Wild Hunt, a ghostly host of riders, hounds and horses charging through a storm cloud, galloping across the sky, with horns, spears, smoky grey resin, a low hexagonal plinth of wet dark stone, museum-quality sculpture, clean readable silhouette, thick sturdy details, single connected object, no floating particles, no background","Smoky grey resin, palette teal #6FB0A4, sodium orange accent, deep blue-black, hand-painted museum statue finish with a subtle dark wash in the crevices and gentle wear on the edges, crisp painted detail on horns, spears, no baked lighting or shadows, no text, no logos"
"214","threshold","水鬼","Water Ghost","figure","Collectible statue of Water Ghost, a pale drowned figure beneath the water, long wet hair covering the face, one hand reaching up, reaching up from under the surface, translucent teal resin, a low hexagonal plinth of wet dark stone, museum-quality sculpture, clean readable silhouette, thick sturdy details, single connected object, no floating particles, no background","Translucent teal resin, palette teal #6FB0A4, sodium orange accent, deep blue-black, hand-painted museum statue finish with a subtle dark wash in the crevices and gentle wear on the edges, no baked lighting or shadows, no text, no logos"
"203","threshold","網路都市傳說體","Creepypasta entity","figure","Collectible statue of Creepypasta entity, an impossibly tall, thin faceless figure in a black suit with long arms, standing among trees, standing motionless among the trees, matte black and pale grey, a low hexagonal plinth of wet dark stone, museum-quality sculpture, clean readable silhouette, thick sturdy details, single connected object, no floating particles, no background","Matte black and pale grey, palette teal #6FB0A4, sodium orange accent, deep blue-black, hand-painted museum statue finish with a subtle dark wash in the crevices and gentle wear on the edges, no baked lighting or shadows, no text, no logos"
"218","threshold","白衣女鬼","White Lady (HK)","figure","Collectible statue of White Lady, a woman in a long white dress with long black hair covering her face, standing at the end of a corridor with her back to the viewer, frosted white resin, a low hexagonal plinth of wet dark stone, museum-quality sculpture, clean readable silhouette, thick sturdy details, single connected object, no floating particles, no background","Frosted white resin, palette teal #6FB0A4, sodium orange accent, deep blue-black, hand-painted museum statue finish with a subtle dark wash in the crevices and gentle wear on the edges, no baked lighting or shadows, no text, no logos"
"204","threshold","光明會（思想形體）","Egregore/Illuminati thought-form","abstract","Abstract collectible sculpture of Egregore/Illuminati thought-form, a floating eye inside a pyramid formed from countless tiny human silhouettes and symbols, floating above a crowd of silhouettes, with pyramid, eye, gold and black, a low hexagonal plinth of wet dark stone, museum-quality sculpture, clean readable silhouette, thick sturdy details, single connected object, no floating particles, no background","Gold and black, palette teal #6FB0A4, sodium orange accent, deep blue-black, hand-painted museum statue finish with a subtle dark wash in the crevices and gentle wear on the edges, crisp painted detail on pyramid, eye, no baked lighting or shadows, no text, no logos"
"206","threshold","噗克","Puck (Robin Goodfellow)","figure","Collectible statue of Puck, a mischievous hobgoblin youth with pointed ears, leaves in his hair and a sly grin, leaping sideways in mid-laugh, with flower, pipe, green bronze, a low hexagonal plinth of wet dark stone, museum-quality sculpture, clean readable silhouette, thick sturdy details, single connected object, no floating particles, no background","Green bronze, palette teal #6FB0A4, sodium orange accent, deep blue-black, hand-painted museum statue finish with a subtle dark wash in the crevices and gentle wear on the edges, crisp painted detail on flower, pipe, no baked lighting or shadows, no text, no logos"
"207","threshold","家宅迴聲靈","House echo-spirit","phenomenon","Sculptural diorama of House echo-spirit, an empty hallway where footsteps and a faint echo take the shape of a translucent figure, a faint shape walking down a hallway, frosted glass, a low hexagonal plinth of wet dark stone, museum-quality sculpture, clean readable silhouette, thick sturdy details, single connected object, no floating particles, no background","Frosted glass, palette teal #6FB0A4, sodium orange accent, deep blue-black, hand-painted museum statue finish with a subtle dark wash in the crevices and gentle wear on the edges, no baked lighting or shadows, no text, no logos"
"208","threshold","小矮妖","Leprechaun","figure","Collectible statue of Leprechaun, a small bearded man in a green coat and buckled hat, sitting on a toadstool mending a shoe, with pot of gold, shoe, hammer, painted wood, a low hexagonal plinth of wet dark stone, museum-quality sculpture, clean readable silhouette, thick sturdy details, single connected object, no floating particles, no background","Painted wood, palette teal #6FB0A4, sodium orange accent, deep blue-black, hand-painted museum statue finish with a subtle dark wash in the crevices and gentle wear on the edges, crisp painted detail on pot of gold, shoe, hammer, no baked lighting or shadows, no text, no logos"
"209","threshold","山海風聲靈（港）","Hill-wind murmur (HK)","phenomenon","Sculptural diorama of Hill-wind murmur, wind rushing through a Hong Kong hillside pass, shaped like a whispering face in the grass, grass bending in the shape of a face, green glass, a low hexagonal plinth of wet dark stone, museum-quality sculpture, clean readable silhouette, thick sturdy details, single connected object, no floating particles, no background","Green glass, palette teal #6FB0A4, sodium orange accent, deep blue-black, hand-painted museum statue finish with a subtle dark wash in the crevices and gentle wear on the edges, no baked lighting or shadows, no text, no logos"
"210","threshold","工廠故障妖（近代化）","Factory gremlin","creature","Collectible statue of Factory gremlin, a small grinning goblin tinkering inside the gears of a factory machine, pulling a bolt out of a gear, with wrench, loose bolts, rusted metal, a low hexagonal plinth of wet dark stone, museum-quality sculpture, clean readable silhouette, thick sturdy details, single connected object, no floating particles, no background","Rusted metal, palette teal #6FB0A4, sodium orange accent, deep blue-black, hand-painted museum statue finish with a subtle dark wash in the crevices and gentle wear on the edges, crisp painted detail on wrench, loose bolts, no baked lighting or shadows, no text, no logos"
"211","threshold","布朗尼","Brownie","figure","Collectible statue of Brownie, a small shaggy brown household spirit in ragged clothes, kind but shy, sweeping a kitchen floor at night, with broom, bowl of cream, brown carved wood, a low hexagonal plinth of wet dark stone, museum-quality sculpture, clean readable silhouette, thick sturdy details, single connected object, no floating particles, no background","Brown carved wood, palette teal #6FB0A4, sodium orange accent, deep blue-black, hand-painted museum statue finish with a subtle dark wash in the crevices and gentle wear on the edges, crisp painted detail on broom, bowl of cream, no baked lighting or shadows, no text, no logos"
"212","threshold","德國森林小精","Pixie/Sprite (EU)","figure","Collectible statue of Pixie/Sprite, a tiny winged forest sprite with pointed ears and a mischievous smile, hovering over a mushroom, with acorn cap, glowing light, iridescent resin, a low hexagonal plinth of wet dark stone, museum-quality sculpture, clean readable silhouette, thick sturdy details, single connected object, no floating particles, no background","Iridescent resin, palette teal #6FB0A4, sodium orange accent, deep blue-black, hand-painted museum statue finish with a subtle dark wash in the crevices and gentle wear on the edges, crisp painted detail on acorn cap, glowing light, no baked lighting or shadows, no text, no logos"
"213","threshold","格林姆林","Gremlin","creature","Collectible statue of Gremlin, a small furry goblin with bat ears clinging to the wing of a fighter plane, pulling at the wing rivets, with wrench, riveted metal and fur, a low hexagonal plinth of wet dark stone, museum-quality sculpture, clean readable silhouette, thick sturdy details, single connected object, no floating particles, no background","Riveted metal and fur, palette teal #6FB0A4, sodium orange accent, deep blue-black, hand-painted museum statue finish with a subtle dark wash in the crevices and gentle wear on the edges, crisp painted detail on wrench, no baked lighting or shadows, no text, no logos"
"215","threshold","鄉村守宅精（歐）","Farmhouse sprite","figure","Collectible statue of Farmhouse sprite, a small old farm sprite with a long grey beard and red cap guarding a barn, standing at the barn door, with lantern, hay, painted wood, a low hexagonal plinth of wet dark stone, museum-quality sculpture, clean readable silhouette, thick sturdy details, single connected object, no floating particles, no background","Painted wood, palette teal #6FB0A4, sodium orange accent, deep blue-black, hand-painted museum statue finish with a subtle dark wash in the crevices and gentle wear on the edges, crisp painted detail on lantern, hay, no baked lighting or shadows, no text, no logos"
"216","threshold","霍布哥布林","Hobgoblin","figure","Collectible statue of Hobgoblin, a small friendly hobgoblin, hairy and grinning, doing chores, carrying a broom over his shoulder, with broom, bowl, brown wood, a low hexagonal plinth of wet dark stone, museum-quality sculpture, clean readable silhouette, thick sturdy details, single connected object, no floating particles, no background","Brown wood, palette teal #6FB0A4, sodium orange accent, deep blue-black, hand-painted museum statue finish with a subtle dark wash in the crevices and gentle wear on the edges, crisp painted detail on broom, bowl, no baked lighting or shadows, no text, no logos"
"217","threshold","家宅微靈（歐）","Minor house sprite","figure","Collectible statue of Minor house sprite, a tiny house sprite peeking out of a mouse hole, peeking out of a mouse hole, with thimble, button, painted wood, a low hexagonal plinth of wet dark stone, museum-quality sculpture, clean readable silhouette, thick sturdy details, single connected object, no floating particles, no background","Painted wood, palette teal #6FB0A4, sodium orange accent, deep blue-black, hand-painted museum statue finish with a subtle dark wash in the crevices and gentle wear on the edges, crisp painted detail on thimble, button, no baked lighting or shadows, no text, no logos"
"220","threshold","影子人（含帽子人）","Shadow Person (Hat Man)","figure","Collectible statue of Shadow Person, a tall featureless black silhouette wearing a wide-brimmed hat and a long coat, standing in the corner of a bedroom, watching, matte black, a low hexagonal plinth of wet dark stone, museum-quality sculpture, clean readable silhouette, thick sturdy details, single connected object, no floating particles, no background","Matte black, palette teal #6FB0A4, sodium orange accent, deep blue-black, hand-painted museum statue finish with a subtle dark wash in the crevices and gentle wear on the edges, no baked lighting or shadows, no text, no logos"
"219","threshold","白衣女鬼（歐洲版）","White Lady (Europe)","figure","Collectible statue of White Lady, a pale lady in an old-fashioned white gown walking the halls of a castle, sorrowful, gliding along a castle hall holding a candle, with candle, white marble, a low hexagonal plinth of wet dark stone, museum-quality sculpture, clean readable silhouette, thick sturdy details, single connected object, no floating particles, no background","White marble, palette teal #6FB0A4, sodium orange accent, deep blue-black, hand-painted museum statue finish with a subtle dark wash in the crevices and gentle wear on the edges, crisp painted detail on candle, no baked lighting or shadows, no text, no logos"
"221","threshold","器物神（付喪神對照）","Object spirit (EU analog)","object","Collectible sculpture of Object spirit, an old broken umbrella and a worn lantern with faint eyes and mouths, a hundred years old, sitting together as if alive, with umbrella, lantern, aged paper and wood, a low hexagonal plinth of wet dark stone, museum-quality sculpture, clean readable silhouette, thick sturdy details, single connected object, no floating particles, no background","Aged paper and wood, palette teal #6FB0A4, sodium orange accent, deep blue-black, hand-painted museum statue finish with a subtle dark wash in the crevices and gentle wear on the edges, crisp painted detail on umbrella, lantern, no baked lighting or shadows, no text, no logos"
"222","threshold","墓綁靈","Grave-bound Shade","figure","Collectible statue of Grave-bound Shade, a grey shade of a person bound to a gravestone by faint chains, standing beside a grave, with gravestone, chains, grey stone, a low hexagonal plinth of wet dark stone, museum-quality sculpture, clean readable silhouette, thick sturdy details, single connected object, no floating particles, no background","Grey stone, palette teal #6FB0A4, sodium orange accent, deep blue-black, hand-painted museum statue finish with a subtle dark wash in the crevices and gentle wear on the edges, crisp painted detail on gravestone, chains, no baked lighting or shadows, no text, no logos"
"223","threshold","水邊陰影","Waterside Shade","figure","Collectible statue of Waterside Shade, a dark silhouette standing knee-deep at the edge of a river at night, standing still in the shallows, wet dark resin, a low hexagonal plinth of wet dark stone, museum-quality sculpture, clean readable silhouette, thick sturdy details, single connected object, no floating particles, no background","Wet dark resin, palette teal #6FB0A4, sodium orange accent, deep blue-black, hand-painted museum statue finish with a subtle dark wash in the crevices and gentle wear on the edges, no baked lighting or shadows, no text, no logos"
"224","threshold","災後陰影（港）","Post-disaster shade (HK)","figure","Collectible statue of Post-disaster shade, a faint translucent figure of a person standing at the scene of an old accident, standing quietly among scattered flowers, with wilted flowers, frosted glass, a low hexagonal plinth of wet dark stone, museum-quality sculpture, clean readable silhouette, thick sturdy details, single connected object, no floating particles, no background","Frosted glass, palette teal #6FB0A4, sodium orange accent, deep blue-black, hand-painted museum statue finish with a subtle dark wash in the crevices and gentle wear on the edges, crisp painted detail on wilted flowers, no baked lighting or shadows, no text, no logos"
"225","threshold","路口陰魅（港）","Crossroad shade (HK)","figure","Collectible statue of Crossroad shade, a faint shadow of a person standing at a crossroads under a traffic light, standing at the kerb, with burnt joss paper, dark translucent resin, a low hexagonal plinth of wet dark stone, museum-quality sculpture, clean readable silhouette, thick sturdy details, single connected object, no floating particles, no background","Dark translucent resin, palette teal #6FB0A4, sodium orange accent, deep blue-black, hand-painted museum statue finish with a subtle dark wash in the crevices and gentle wear on the edges, crisp painted detail on burnt joss paper, no baked lighting or shadows, no text, no logos"
"226","threshold","路殺幽影","Roadside Shade","figure","Collectible statue of Roadside Shade, a faint figure of a person at the side of a highway, lit by passing headlights, standing at the roadside, translucent grey resin, a low hexagonal plinth of wet dark stone, museum-quality sculpture, clean readable silhouette, thick sturdy details, single connected object, no floating particles, no background","Translucent grey resin, palette teal #6FB0A4, sodium orange accent, deep blue-black, hand-painted museum statue finish with a subtle dark wash in the crevices and gentle wear on the edges, no baked lighting or shadows, no text, no logos"
"227","threshold","路燈鬼影（港）","Lamp-post shade (HK)","figure","Collectible statue of Lamp-post shade, a tall thin shadow standing under a flickering street lamp, standing still under the lamp, with street lamp, matte black and warm lamp glow, a low hexagonal plinth of wet dark stone, museum-quality sculpture, clean readable silhouette, thick sturdy details, single connected object, no floating particles, no background","Matte black and warm lamp glow, palette teal #6FB0A4, sodium orange accent, deep blue-black, hand-painted museum statue finish with a subtle dark wash in the crevices and gentle wear on the edges, crisp painted detail on street lamp, no baked lighting or shadows, no text, no logos"
"228","threshold","吸血鬼（東歐母題）","Strigoi/Upir/Nachzehrer","figure","Collectible statue of Strigoi/Upir/Nachzehrer, a gaunt Eastern European vampire with a pale face, long nails and a burial shroud, rising from a coffin, with shroud, stake, pale grey and dark earth, a low hexagonal plinth of wet dark stone, museum-quality sculpture, clean readable silhouette, thick sturdy details, single connected object, no floating particles, no background","Pale grey and dark earth, palette teal #6FB0A4, sodium orange accent, deep blue-black, hand-painted museum statue finish with a subtle dark wash in the crevices and gentle wear on the edges, crisp painted detail on shroud, stake, no baked lighting or shadows, no text, no logos"
"229","threshold","哈特曼（帽子人）","Hat Man (shadow variant)","figure","Collectible statue of Hat Man, a tall shadow man in a wide-brimmed hat standing in a bedroom doorway, standing in a doorway, matte black, a low hexagonal plinth of wet dark stone, museum-quality sculpture, clean readable silhouette, thick sturdy details, single connected object, no floating particles, no background","Matte black, palette teal #6FB0A4, sodium orange accent, deep blue-black, hand-painted museum statue finish with a subtle dark wash in the crevices and gentle wear on the edges, no baked lighting or shadows, no text, no logos"
"230","threshold","地縛靈（港）","Place-bound ghost (HK)","figure","Collectible statue of Place-bound ghost, a sad ghost in old clothes tied to one spot, sitting on steps, sitting on stone steps, knees drawn up, translucent grey resin, a low hexagonal plinth of wet dark stone, museum-quality sculpture, clean readable silhouette, thick sturdy details, single connected object, no floating particles, no background","Translucent grey resin, palette teal #6FB0A4, sodium orange accent, deep blue-black, hand-painted museum statue finish with a subtle dark wash in the crevices and gentle wear on the edges, no baked lighting or shadows, no text, no logos"
"231","threshold","墓地女妖（歐）","Graveyard specter (EU)","figure","Collectible statue of Graveyard specter, a veiled woman in tattered grave clothes drifting through a cemetery at night, drifting between gravestones, with lantern, pale stone, a low hexagonal plinth of wet dark stone, museum-quality sculpture, clean readable silhouette, thick sturdy details, single connected object, no floating particles, no background","Pale stone, palette teal #6FB0A4, sodium orange accent, deep blue-black, hand-painted museum statue finish with a subtle dark wash in the crevices and gentle wear on the edges, crisp painted detail on lantern, no baked lighting or shadows, no text, no logos"
"232","threshold","夜魔（Old Hag）","Old Hag (night-mare)","figure","Collectible statue of Old Hag, a crooked old hag crouching on a sleeper's chest, crouched on a chest, pressing down, dark wood, a low hexagonal plinth of wet dark stone, museum-quality sculpture, clean readable silhouette, thick sturdy details, single connected object, no floating particles, no background","Dark wood, palette teal #6FB0A4, sodium orange accent, deep blue-black, hand-painted museum statue finish with a subtle dark wash in the crevices and gentle wear on the edges, no baked lighting or shadows, no text, no logos"
"234","threshold","女妖（班希）","Banshee","figure","Collectible statue of Banshee, a wailing woman spirit with long silver hair and red eyes in a grey cloak, wailing with her head thrown back, with silver comb, silver-grey resin, a low hexagonal plinth of wet dark stone, museum-quality sculpture, clean readable silhouette, thick sturdy details, single connected object, no floating particles, no background","Silver-grey resin, palette teal #6FB0A4, sodium orange accent, deep blue-black, hand-painted museum statue finish with a subtle dark wash in the crevices and gentle wear on the edges, crisp painted detail on silver comb, no baked lighting or shadows, no text, no logos"
"235","threshold","家宅童靈（港）","Zashiki-warashi (HK-analogue)","figure","Collectible statue of Zashiki-warashi, a small child spirit with a bob haircut in a red kimono, playful, sitting on the floor playing, with paper ball, spinning top, painted porcelain, a low hexagonal plinth of wet dark stone, museum-quality sculpture, clean readable silhouette, thick sturdy details, single connected object, no floating particles, no background","Painted porcelain, palette teal #6FB0A4, sodium orange accent, deep blue-black, hand-painted museum statue finish with a subtle dark wash in the crevices and gentle wear on the edges, crisp painted detail on paper ball, spinning top, no baked lighting or shadows, no text, no logos"
"236","threshold","家居小精（一般）","Household sprite (EU)","figure","Collectible statue of Household sprite, a small house guardian sprite with a lantern, tidying things at night, tidying a shelf, with lantern, broom, painted wood, a low hexagonal plinth of wet dark stone, museum-quality sculpture, clean readable silhouette, thick sturdy details, single connected object, no floating particles, no background","Painted wood, palette teal #6FB0A4, sodium orange accent, deep blue-black, hand-painted museum statue finish with a subtle dark wash in the crevices and gentle wear on the edges, crisp painted detail on lantern, broom, no baked lighting or shadows, no text, no logos"
"237","threshold","小樹靈（歐）","Tree sprite","figure","Collectible statue of Tree sprite, a tiny tree sprite with a face in the bark and twig arms, peeking out of a tree trunk, with acorn, leaf, carved wood, a low hexagonal plinth of wet dark stone, museum-quality sculpture, clean readable silhouette, thick sturdy details, single connected object, no floating particles, no background","Carved wood, palette teal #6FB0A4, sodium orange accent, deep blue-black, hand-painted museum statue finish with a subtle dark wash in the crevices and gentle wear on the edges, crisp painted detail on acorn, leaf, no baked lighting or shadows, no text, no logos"
"238","threshold","森林小民（冰島隱民）","Huldufólk","group","Collectible statue group of Huldufólk, small hidden elf folk living inside a mossy lava rock, a tiny door in the stone, peeking out of a boulder, with tiny door, lanterns, mossy lava rock, a low hexagonal plinth of wet dark stone, museum-quality sculpture, clean readable silhouette, thick sturdy details, single connected object, no floating particles, no background","Mossy lava rock, palette teal #6FB0A4, sodium orange accent, deep blue-black, hand-painted museum statue finish with a subtle dark wash in the crevices and gentle wear on the edges, crisp painted detail on tiny door, lanterns, no baked lighting or shadows, no text, no logos"
"239","threshold","海濤陰影（港）","Wave shadow (HK)","phenomenon","Sculptural diorama of Wave shadow, a dark shadow in the shape of a hand beneath a breaking wave, pulling beneath the wave, dark teal glass, a low hexagonal plinth of wet dark stone, museum-quality sculpture, clean readable silhouette, thick sturdy details, single connected object, no floating particles, no background","Dark teal glass, palette teal #6FB0A4, sodium orange accent, deep blue-black, hand-painted museum statue finish with a subtle dark wash in the crevices and gentle wear on the edges, no baked lighting or shadows, no text, no logos"
"240","threshold","海邊碑靈","Seaside stele spirit","object","Collectible sculpture of Seaside stele spirit, a weathered stone stele by the sea carved with old characters, spray around it, standing on rocks by the sea, with stone stele, weathered granite, a low hexagonal plinth of wet dark stone, museum-quality sculpture, clean readable silhouette, thick sturdy details, single connected object, no floating particles, no background","Weathered granite, palette teal #6FB0A4, sodium orange accent, deep blue-black, hand-painted museum statue finish with a subtle dark wash in the crevices and gentle wear on the edges, crisp painted detail on stone stele, no baked lighting or shadows, no text, no logos"
"241","threshold","淫魔","Incubus","figure","Collectible statue of Incubus, a shadowy winged dream demon with bat wings, perched at the foot of a bed, perched on a bedpost, dark resin, a low hexagonal plinth of wet dark stone, museum-quality sculpture, clean readable silhouette, thick sturdy details, single connected object, no floating particles, no background","Dark resin, palette teal #6FB0A4, sodium orange accent, deep blue-black, hand-painted museum statue finish with a subtle dark wash in the crevices and gentle wear on the edges, no baked lighting or shadows, no text, no logos"
"243","threshold","湯姆特/尼瑟","Tomte / Nisse","figure","Collectible statue of Tomte / Nisse, a small old man with a long white beard and a red pointed cap in grey clothes, guarding a snowy farm, standing in the snow with a lantern, with bowl of porridge, lantern, painted wood, a low hexagonal plinth of wet dark stone, museum-quality sculpture, clean readable silhouette, thick sturdy details, single connected object, no floating particles, no background","Painted wood, palette teal #6FB0A4, sodium orange accent, deep blue-black, hand-painted museum statue finish with a subtle dark wash in the crevices and gentle wear on the edges, crisp painted detail on bowl of porridge, lantern, no baked lighting or shadows, no text, no logos"
"245","threshold","磨坊小鬼","Kobold (mine/house)","figure","Collectible statue of Kobold, a small mine goblin with a lantern and pickaxe, wearing a hood, knocking on a mine wall, with pickaxe, lantern, rusty iron and wood, a low hexagonal plinth of wet dark stone, museum-quality sculpture, clean readable silhouette, thick sturdy details, single connected object, no floating particles, no background","Rusty iron and wood, palette teal #6FB0A4, sodium orange accent, deep blue-black, hand-painted museum statue finish with a subtle dark wash in the crevices and gentle wear on the edges, crisp painted detail on pickaxe, lantern, no baked lighting or shadows, no text, no logos"
"246","threshold","路樹樁靈","Tree-stump spirit","object","Collectible sculpture of Tree-stump spirit, an old tree stump by a Hong Kong roadside with red cloth tied around it and a small incense pot, standing among city pavement, with red cloth, incense pot, old wood and red cloth, a low hexagonal plinth of wet dark stone, museum-quality sculpture, clean readable silhouette, thick sturdy details, single connected object, no floating particles, no background","Old wood and red cloth, palette teal #6FB0A4, sodium orange accent, deep blue-black, hand-painted museum statue finish with a subtle dark wash in the crevices and gentle wear on the edges, crisp painted detail on red cloth, incense pot, no baked lighting or shadows, no text, no logos"
"247","threshold","雙生幻影","Doppelgänger","figure","Collectible statue of Doppelgänger, two identical figures facing each other, one solid and one a pale translucent double, standing face to face, one bronze, one frosted glass, a low hexagonal plinth of wet dark stone, museum-quality sculpture, clean readable silhouette, thick sturdy details, single connected object, no floating particles, no background","One bronze, one frosted glass, palette teal #6FB0A4, sodium orange accent, deep blue-black, hand-painted museum statue finish with a subtle dark wash in the crevices and gentle wear on the edges, no baked lighting or shadows, no text, no logos"
"248","threshold","非正祀龍影","Unvenerated dragon shadow","creature","Collectible statue of Unvenerated dragon shadow, a vast dark dragon shape moving under a typhoon sea, only its back visible above the waves, rising and sinking in the waves, dark teal glass, a low hexagonal plinth of wet dark stone, museum-quality sculpture, clean readable silhouette, thick sturdy details, single connected object, no floating particles, no background","Dark teal glass, palette teal #6FB0A4, sodium orange accent, deep blue-black, hand-painted museum statue finish with a subtle dark wash in the crevices and gentle wear on the edges, no baked lighting or shadows, no text, no logos"
"249","threshold","鬼火（磷火）","Will-o’-the-wisp (Ignis fatuus)","phenomenon","Sculptural diorama of Will-o’-the-wisp, a floating ball of cold light drifting over a marsh at night, luring onward, hovering over the reeds, pale glowing glass, a low hexagonal plinth of wet dark stone, museum-quality sculpture, clean readable silhouette, thick sturdy details, single connected object, no floating particles, no background","Pale glowing glass, palette teal #6FB0A4, sodium orange accent, deep blue-black, hand-painted museum statue finish with a subtle dark wash in the crevices and gentle wear on the edges, no baked lighting or shadows, no text, no logos"
"251","threshold","魅魔","Succubus","figure","Collectible statue of Succubus, a shadowy winged dream spirit with bat wings and a veiled face, drifting over a sleeper, hovering over a bed, dark resin, a low hexagonal plinth of wet dark stone, museum-quality sculpture, clean readable silhouette, thick sturdy details, single connected object, no floating particles, no background","Dark resin, palette teal #6FB0A4, sodium orange accent, deep blue-black, hand-painted museum statue finish with a subtle dark wash in the crevices and gentle wear on the edges, no baked lighting or shadows, no text, no logos"
"250","matter","鬼火（科學解釋向）","Will-o’-the-wisp (science)","phenomenon","Sculptural diorama of Will-o’-the-wisp, a marsh specimen model: a cold flame hovering over reeds, with a cutaway showing gas bubbles rising from rotting leaves, flame hovering, bubbles rising, with gas bubbles, reeds, measuring scale, glass and white plaster, a low hexagonal plaster plinth with a brass scale ruler, museum-quality sculpture, clean readable silhouette, thick sturdy details, single connected object, no floating particles, no background","Glass and white plaster, palette graphite #7C7F86, paper white, one faint phosphor-green trace, hand-painted museum statue finish with a subtle dark wash in the crevices and gentle wear on the edges, crisp painted detail on gas bubbles, reeds, measuring scale, no baked lighting or shadows, no text, no logos"
"244","matter","睡眠麻痺（科學對照）","Sleep paralysis (explanation)","phenomenon","Sculptural diorama of Sleep paralysis, an anatomical study of a sleeper lying on their back, the head in cross-section showing the brainstem, a dotted hat-shaped shadow above, lying still, with anatomical labels, brain cross-section, white plaster with engraved lines, a low hexagonal plaster plinth with a brass scale ruler, museum-quality sculpture, clean readable silhouette, thick sturdy details, single connected object, no floating particles, no background","White plaster with engraved lines, palette graphite #7C7F86, paper white, one faint phosphor-green trace, hand-painted museum statue finish with a subtle dark wash in the crevices and gentle wear on the edges, crisp painted detail on anatomical labels, brain cross-section, no baked lighting or shadows, no text, no logos"
